GeneID,healthy,diseased
ENSG00000187608,111.6,69.91
ENSG00000176022,10.96,11.62
ENSG00000078369,365.7,419.7
ENSG00000169598,2.002,3.206
ENSG00000116251,95.11,168.6
ENSG00000116237,1.743,3.358
ENSG00000162413,1.556,3.849
ENSG00000116288,843.7,916.5
ENSG00000142583,1.24,1.936
ENSG00000171603,10.69,8.574
ENSG00000160049,2.445,1.47
ENSG00000009724,195.7,215.9
ENSG00000116649,24.87,35.87
ENSG00000028137,19.71,19.23
ENSG00000132906,8.143,2.973
ENSG00000065526,7.045,7.806
ENSG00000117118,894.5,809.6
ENSG00000053371,30.09,22.19
ENSG00000158748,0.3035,0.5717
ENSG00000188257,141.5,69.28
ENSG00000158825,177.7,186.0
ENSG00000158828,261.4,266.1
ENSG00000076864,0.691,0.3661
ENSG00000142798,0.1018,0.2876
ENSG00000070831,106.2,139.2
ENSG00000173372,37.99,45.63
ENSG00000159189,12.14,17.97
ENSG00000173369,810.8,919.1
ENSG00000133216,0.977,0.6664
ENSG00000142676,3322.0,3759.0
ENSG00000117308,27.05,16.72
ENSG00000188529,2.702,2.479
ENSG00000169504,180.2,177.4
ENSG00000183726,20.05,33.91
ENSG00000117632,21.48,29.27
ENSG00000169442,1068.0,928.0
ENSG00000117682,7.107,14.25
ENSG00000117676,5.484,0.731
ENSG00000142784,17.28,13.83
ENSG00000142765,2.5,2.12
ENSG00000000938,21.42,24.34
ENSG00000117748,12.88,10.48
ENSG00000130766,25.49,22.63
ENSG00000162511,436.1,300.7
ENSG00000084636,3.244,2.167
ENSG00000084652,91.3,113.7
ENSG00000182866,2.581,1.823
ENSG00000116514,8.66,5.681
ENSG00000171812,0.7834,0.2013
ENSG00000054116,157.7,149.6
ENSG00000119535,1.663,0.8812
ENSG00000214114,0.1499,0.6352
ENSG00000127603,5.432,3.531
ENSG00000084072,11.8,12.43
ENSG00000171793,50.92,43.03
ENSG00000198815,4.812,5.529
ENSG00000186409,7.077,6.511
ENSG00000127125,26.48,24.36
ENSG00000117395,299.2,235.8
ENSG00000142949,0.8772,0.3262
ENSG00000117408,2.806,1.79
ENSG00000132768,0.6966,0.1968
ENSG00000117410,42.59,21.09
ENSG00000117411,2.004,0.4357
ENSG00000142945,0.33,0.6218
ENSG00000173846,1.526,1.961
ENSG00000117450,196.2,210.7
ENSG00000086015,7.627,6.814
ENSG00000132128,20.54,29.95
ENSG00000079277,2.347,2.605
ENSG00000159658,1.057,1.4
ENSG00000187048,553.0,609.8
ENSG00000162365,186.8,282.5
ENSG00000123473,0.3623,0.9386
ENSG00000085832,27.49,27.02
ENSG00000116171,812.1,869.8
ENSG00000116221,138.9,114.3
ENSG00000243725,17.17,22.68
ENSG00000177606,6.609,12.67
ENSG00000162607,0.3982,0.1407
ENSG00000125703,14.96,12.41
ENSG00000079739,130.0,158.3
ENSG00000162434,42.75,45.55
ENSG00000116717,124.0,165.9
ENSG00000024526,0.5078,0.5125
ENSG00000254685,1.302,2.99
ENSG00000116791,158.3,208.3
ENSG00000117054,77.61,105.3
ENSG00000137955,348.8,413.4
ENSG00000122420,14.12,17.04
ENSG00000137965,6.74,6.135
ENSG00000162618,10.86,0.6138
ENSG00000142875,15.16,23.18
ENSG00000142871,3.375,4.291
ENSG00000097033,19.64,24.75
ENSG00000153936,42.88,49.61
ENSG00000137944,74.14,81.99
ENSG00000154451,0.09488,0.8044
ENSG00000097046,1.392,1.21
ENSG00000154511,46.39,49.25
ENSG00000143033,24.4,19.21
ENSG00000067334,16.82,20.82
ENSG00000023909,84.01,108.8
ENSG00000117525,5.134,2.267
ENSG00000117519,181.9,178.0
ENSG00000162627,29.91,39.63
ENSG00000162688,15.98,18.97
ENSG00000117620,14.69,19.57
ENSG00000156875,40.62,48.87
ENSG00000162692,7.68,3.391
ENSG00000060718,0.1413,0.1997
ENSG00000185946,27.43,29.13
ENSG00000240038,65.49,36.58
ENSG00000243480,39.6,28.47
ENSG00000237763,2.47,2.685
ENSG00000174876,2.485,2.701
ENSG00000187733,3.271,3.852
ENSG00000134215,0.6814,0.3466
ENSG00000134222,8.653,2.788
ENSG00000065135,11.01,6.305
ENSG00000213366,26.48,18.57
ENSG00000134184,39.16,51.32
ENSG00000134202,39.4,46.06
ENSG00000198758,6.829,11.36
ENSG00000162777,8.771,5.23
ENSG00000143110,3.535,1.211
ENSG00000116752,135.1,173.8
ENSG00000213281,12.71,15.69
ENSG00000163399,83.05,85.53
ENSG00000116815,51.16,50.29
ENSG00000116824,7.954,7.933
ENSG00000065183,9.49,12.32
ENSG00000203859,7.311,3.247
ENSG00000203857,1.144,1.293
ENSG00000092621,12.67,11.01
ENSG00000134240,2726.0,2630.0
ENSG00000134250,16.74,17.09
ENSG00000263353,6.989,6.583
ENSG00000188610,1.133,1.373
ENSG00000263513,0.9562,1.158
ENSG00000215784,0.6045,0.7321
ENSG00000117262,53.81,47.69
ENSG00000131791,10.8,10.58
ENSG00000131781,45.49,34.16
ENSG00000188092,57.88,51.3
ENSG00000150337,3.841,3.101
ENSG00000288825,256.2,203.4
ENSG00000288859,594.6,478.0
ENSG00000184678,3.977,9.772
ENSG00000184260,413.4,343.0
ENSG00000143401,66.64,66.56
ENSG00000143384,269.0,320.0
ENSG00000163131,549.0,601.9
ENSG00000143437,66.95,71.65
ENSG00000143409,0.7836,5.647
ENSG00000143363,5.26,1.77
ENSG00000213190,4.18,8.093
ENSG00000163159,45.67,62.44
ENSG00000159352,61.37,27.38
ENSG00000143390,33.25,43.02
ENSG00000143375,14.13,11.9
ENSG00000159445,10.55,6.894
ENSG00000163220,155.0,109.0
ENSG00000196154,27.36,29.96
ENSG00000196754,6.995,4.448
ENSG00000189171,45.54,52.07
ENSG00000143621,99.22,101.7
ENSG00000143624,3.659,3.93
ENSG00000143554,17.87,12.75
ENSG00000163344,6.901,11.02
ENSG00000160691,39.15,37.76
ENSG00000173207,12.45,13.49
ENSG00000160688,9.034,5.945
ENSG00000176444,59.96,50.68
ENSG00000132680,33.1,18.16
ENSG00000116584,7.065,4.992
ENSG00000160856,0.1608,0.2271
ENSG00000163563,8.96,9.495
ENSG00000132693,249.3,149.6
ENSG00000122218,21.5,21.54
ENSG00000158793,64.12,67.7
ENSG00000143224,0.5689,0.5359
ENSG00000158869,2083.0,2158.0
ENSG00000143257,137.6,92.75
ENSG00000173110,4.407,2.537
ENSG00000203747,47.82,26.1
ENSG00000162747,50.26,27.43
ENSG00000118217,17.88,15.28
ENSG00000162745,4.672,4.418
ENSG00000162733,0.09328,0.2636
ENSG00000143149,262.4,307.1
ENSG00000143183,5.185,6.745
ENSG00000143162,200.1,229.2
ENSG00000198771,2.006,3.562
ENSG00000197965,36.99,46.91
ENSG00000143158,251.4,242.3
ENSG00000143185,17.78,5.798
ENSG00000143184,5.684,2.425
ENSG00000143153,121.2,141.9
ENSG00000198734,13.21,13.46
ENSG00000174175,0.3239,1.22
ENSG00000188404,1.434,2.927
ENSG00000007908,0.5952,0.9811
ENSG00000000460,3.637,2.327
ENSG00000007933,789.9,666.8
ENSG00000010932,18.04,15.79
ENSG00000117560,2.63,3.716
ENSG00000116199,3.51,4.263
ENSG00000135821,128.2,184.5
ENSG00000058085,1.708,1.724
ENSG00000116701,88.24,82.42
ENSG00000116741,33.93,39.48
ENSG00000000971,1507.0,1299.0
ENSG00000116785,0.2615,0.3695
ENSG00000244414,2738.0,2420.0
ENSG00000177888,11.82,11.6
ENSG00000081237,5.753,5.712
ENSG00000118193,0.3381,0.3412
ENSG00000118200,9.799,7.362
ENSG00000174307,2.97,7.631
ENSG00000159176,85.73,85.64
ENSG00000117139,0.141,0.09958
ENSG00000159388,17.18,20.1
ENSG00000196550,0.4924,0.5964
ENSG00000263528,1.071,0.1513
ENSG00000143479,5.585,6.717
ENSG00000162889,137.4,143.9
ENSG00000136634,4.48,4.998
ENSG00000162894,12.07,3.908
ENSG00000196352,10.45,14.29
ENSG00000197721,4.834,6.533
ENSG00000196878,2.036,0.8389
ENSG00000123689,187.8,146.3
ENSG00000117650,0.4693,1.658
ENSG00000123684,2.653,4.857
ENSG00000143476,1.064,1.272
ENSG00000066027,0.3314,0.6243
ENSG00000117691,125.5,86.56
ENSG00000162772,3.177,1.738
ENSG00000117724,0.2215,0.4174
ENSG00000136628,2.677,1.446
ENSG00000067704,53.46,67.54
ENSG00000143514,0.1546,1.092
ENSG00000143748,3.941,0.8735
ENSG00000143815,15.97,9.776
ENSG00000143742,412.4,463.6
ENSG00000143819,3839.0,4258.0
ENSG00000182827,16.62,23.18
ENSG00000143799,1.449,1.092
ENSG00000143801,13.34,11.8
ENSG00000163050,75.64,73.09
ENSG00000181218,6.2,4.38
ENSG00000168118,12.15,6.798
ENSG00000069248,22.65,15.43
ENSG00000135776,8.617,10.13
ENSG00000135775,33.43,30.56
ENSG00000143633,39.78,46.71
ENSG00000135750,0.4193,3.752
ENSG00000168275,45.02,56.49
ENSG00000059588,7.975,4.54
ENSG00000173726,25.06,37.72
ENSG00000188739,26.81,34.04
ENSG00000054267,14.16,11.93
ENSG00000143669,0.1682,0.2906
ENSG00000086619,16.48,14.42
ENSG00000116977,6.462,6.274
ENSG00000119285,1.091,1.284
ENSG00000077522,0.2255,0.1062
ENSG00000116984,0.6664,1.177
ENSG00000244020,434.3,421.3
ENSG00000054277,10.09,8.266
ENSG00000143653,654.6,704.2
ENSG00000143727,55.11,62.59
ENSG00000182551,179.0,189.4
ENSG00000171863,794.5,833.9
ENSG00000134326,2.795,1.358
ENSG00000134321,0.5166,0.146
ENSG00000115738,362.5,329.5
ENSG00000119185,1.65,2.415
ENSG00000171848,0.5085,0.2395
ENSG00000143870,350.8,335.2
ENSG00000162975,1.509,0.7109
ENSG00000196208,0.8516,0.5501
ENSG00000178295,5.109,3.69
ENSG00000115884,285.5,325.0
ENSG00000143869,2.157,2.11
ENSG00000115129,28.93,25.78
ENSG00000119772,2.498,1.519
ENSG00000084754,111.9,104.1
ENSG00000228474,2537.0,2419.0
ENSG00000138085,269.9,340.0
ENSG00000115226,0.8033,0.2838
ENSG00000171174,8.524,9.999
ENSG00000213639,143.0,156.6
ENSG00000163811,32.45,55.15
ENSG00000162961,34.23,41.79
ENSG00000115760,8.409,9.089
ENSG00000150938,4.211,6.408
ENSG00000171055,181.9,237.8
ENSG00000115816,51.81,46.26
ENSG00000138061,4.326,6.744
ENSG00000115875,82.23,66.03
ENSG00000115904,7.532,8.013
ENSG00000138032,22.83,26.21
ENSG00000116062,6.838,6.966
ENSG00000138081,0.9724,1.999
ENSG00000138039,0.1049,0.1482
ENSG00000115239,4.871,2.949
ENSG00000143942,5.183,5.289
ENSG00000143947,86.23,117.1
ENSG00000170340,0.9421,7.036
ENSG00000014641,63.06,56.08
ENSG00000115902,4.738,3.001
ENSG00000138069,288.1,347.9
ENSG00000198369,13.75,13.85
ENSG00000197223,15.67,9.32
ENSG00000198380,0.651,0.1226
ENSG00000143977,51.81,53.64
ENSG00000116096,16.91,25.41
ENSG00000135624,166.5,160.5
ENSG00000144034,15.48,14.75
ENSG00000144048,60.04,56.66
ENSG00000124356,0.9705,0.9142
ENSG00000114978,46.99,42.95
ENSG00000065911,6.332,6.68
ENSG00000204822,15.5,13.14
ENSG00000115364,11.35,12.84
ENSG00000168906,245.6,181.6
ENSG00000115486,67.09,56.78
ENSG00000115525,5.995,5.057
ENSG00000115548,5.203,6.827
ENSG00000153563,3.349,2.07
ENSG00000187627,0.5657,0.9515
ENSG00000183281,9.957,2.525
ENSG00000125551,17.08,5.402
ENSG00000185304,0.5707,0.9762
ENSG00000163586,23040.0,31830.0
ENSG00000153574,1.272,2.996
ENSG00000121152,3.371,0.8987
ENSG00000135976,0.8286,0.5321
ENSG00000196912,1.033,0.6385
ENSG00000115446,222.0,303.7
ENSG00000115514,60.98,53.51
ENSG00000071054,24.13,27.03
ENSG00000115594,43.92,42.36
ENSG00000115604,9.864,9.178
ENSG00000115607,0.6106,0.08627
ENSG00000115641,0.06968,1.083
ENSG00000071051,0.7593,1.475
ENSG00000153165,0.1036,0.7322
ENSG00000169756,1.971,1.519
ENSG00000153201,0.244,0.4597
ENSG00000186522,38.99,50.88
ENSG00000256977,2.274,1.701
ENSG00000256671,2.822,2.742
ENSG00000153094,14.42,8.673
ENSG00000125538,8.808,3.803
ENSG00000125618,0.9479,0.2679
ENSG00000136682,33.98,31.61
ENSG00000144118,2.298,3.653
ENSG00000222014,11.01,9.013
ENSG00000233087,9.329,7.553
ENSG00000153086,0.3321,0.1173
ENSG00000121966,39.27,18.99
ENSG00000144228,16.74,17.74
ENSG00000075884,8.131,3.102
ENSG00000169554,15.63,15.11
ENSG00000115947,2.294,2.084
ENSG00000168280,0.5269,0.6768
ENSG00000168288,0.2761,1.17
ENSG00000153234,1.303,0.3068
ENSG00000115165,4.974,5.21
ENSG00000115233,180.3,195.8
ENSG00000115290,4.883,2.25
ENSG00000073734,4.325,6.608
ENSG00000138385,178.5,226.3
ENSG00000128708,27.0,26.62
ENSG00000128656,0.3982,0.422
ENSG00000128710,0.4261,0.3011
ENSG00000170166,0.2242,0.2112
ENSG00000116044,92.45,116.4
ENSG00000168542,0.4901,0.7914
ENSG00000204262,2.972,2.411
ENSG00000151689,48.65,53.62
ENSG00000115415,21.01,28.91
ENSG00000138378,11.04,5.249
ENSG00000196950,0.8009,2.066
ENSG00000144381,313.0,371.2
ENSG00000115541,1353.0,1491.0
ENSG00000163535,1.778,1.256
ENSG00000082153,221.0,231.3
ENSG00000013441,23.32,23.29
ENSG00000119013,295.9,314.9
ENSG00000003402,2.753,1.69
ENSG00000003400,2.576,3.403
ENSG00000064012,24.48,38.03
ENSG00000115993,17.18,11.77
ENSG00000116030,17.27,35.14
ENSG00000055044,111.8,101.9
ENSG00000114942,893.5,1128.0
ENSG00000118260,6.211,4.409
ENSG00000078018,0.1406,0.9437
ENSG00000115361,2.702,2.324
ENSG00000138363,52.53,70.66
ENSG00000115414,3373.0,2722.0
ENSG00000079246,213.9,239.0
ENSG00000115657,7.352,3.827
ENSG00000135919,30.4,65.17
ENSG00000169047,5.764,3.295
ENSG00000135899,2.399,5.597
ENSG00000135932,50.43,48.94
ENSG00000242366,371.9,411.2
ENSG00000242515,373.6,413.1
ENSG00000241119,775.6,777.0
ENSG00000244122,396.2,427.9
ENSG00000167165,357.4,393.7
ENSG00000288705,384.9,423.1
ENSG00000244474,375.5,414.0
ENSG00000288702,392.9,433.1
ENSG00000241635,383.2,420.5
ENSG00000163359,0.4403,0.09571
ENSG00000063660,7.003,4.744
ENSG00000115694,19.84,10.75
ENSG00000144455,21.8,15.06
ENSG00000150995,3.192,3.183
ENSG00000134107,28.06,28.91
ENSG00000134109,25.07,21.87
ENSG00000187288,66.74,49.65
ENSG00000157014,0.4671,1.54
ENSG00000197548,8.944,8.713
ENSG00000144560,16.44,17.63
ENSG00000132170,54.89,49.63
ENSG00000154743,7.549,8.816
ENSG00000144713,112.2,115.0
ENSG00000154767,3.716,1.527
ENSG00000131370,0.7327,0.1294
ENSG00000182568,5.149,4.651
ENSG00000114166,28.29,34.12
ENSG00000174748,158.8,165.6
ENSG00000151090,13.13,11.19
ENSG00000163508,4.936,1.039
ENSG00000163513,38.36,30.44
ENSG00000170266,0.4012,2.646
ENSG00000188167,0.2675,1.764
ENSG00000170275,73.14,78.81
ENSG00000170248,100.6,97.93
ENSG00000093167,8.096,7.911
ENSG00000008226,19.87,31.37
ENSG00000060971,63.18,99.74
ENSG00000172939,6.613,6.579
ENSG00000157036,7.177,5.983
ENSG00000144655,0.9398,1.328
ENSG00000168028,5.657,4.232
ENSG00000168036,216.8,232.5
ENSG00000160746,10.74,14.41
ENSG00000211456,48.26,30.67
ENSG00000163823,24.99,23.19
ENSG00000173473,9.316,8.462
ENSG00000164047,7.805,70.76
ENSG00000164048,1.712,1.452
ENSG00000010256,383.2,397.2
ENSG00000178467,3.193,2.375
ENSG00000172053,52.87,32.14
ENSG00000233276,483.3,526.8
ENSG00000067560,822.5,840.4
ENSG00000145022,8.951,7.083
ENSG00000173402,42.33,31.63
ENSG00000004534,33.18,31.18
ENSG00000114353,77.2,81.9
ENSG00000214706,29.89,32.96
ENSG00000068028,33.64,33.78
ENSG00000114388,42.92,32.34
ENSG00000114738,11.7,8.612
ENSG00000259956,0.2901,0.08199
ENSG00000162244,807.8,880.5
ENSG00000023330,170.6,136.9
ENSG00000247596,193.6,197.2
ENSG00000010322,19.9,20.7
ENSG00000213533,8.223,2.761
ENSG00000163932,29.05,25.8
ENSG00000168374,1.927,2.042
ENSG00000163686,46.56,44.22
ENSG00000168291,367.9,419.6
ENSG00000151276,6.871,5.564
ENSG00000144744,33.38,32.81
ENSG00000083937,22.93,41.61
ENSG00000184500,281.0,254.4
ENSG00000080819,11.27,11.97
ENSG00000184220,11.78,11.93
ENSG00000154174,7.5,7.418
ENSG00000081154,5.8,8.009
ENSG00000114391,993.9,1051.0
ENSG00000144802,46.92,31.21
ENSG00000114423,1.387,0.3459
ENSG00000163519,1.05,2.966
ENSG00000144848,49.56,70.73
ENSG00000138459,47.14,51.82
ENSG00000163607,14.37,16.69
ENSG00000121579,0.566,0.5331
ENSG00000113845,57.31,40.94
ENSG00000121594,1.123,0.3969
ENSG00000144852,46.11,46.69
ENSG00000082701,9.398,8.606
ENSG00000163430,0.05513,0.4674
ENSG00000114013,2.629,2.972
ENSG00000036828,0.02961,0.04184
ENSG00000163840,22.46,16.85
ENSG00000173193,16.78,16.0
ENSG00000065485,30.22,20.03
ENSG00000065534,6.877,8.754
ENSG00000082781,26.33,32.67
ENSG00000180767,21.65,17.57
ENSG00000073111,0.1085,0.92
ENSG00000175792,14.97,22.29
ENSG00000163902,383.7,346.9
ENSG00000129071,27.02,26.17
ENSG00000196455,7.433,10.5
ENSG00000017260,51.12,37.54
ENSG00000114686,40.06,28.62
ENSG00000163781,5.645,6.662
ENSG00000114054,40.88,40.63
ENSG00000158092,16.1,20.37
ENSG00000158234,40.28,33.44
ENSG00000184432,0.5176,0.8359
ENSG00000120756,37.13,67.44
ENSG00000188313,59.2,52.77
ENSG00000174946,2.839,0.4223
ENSG00000174944,0.133,0.4699
ENSG00000181631,3.892,8.053
ENSG00000152601,68.97,69.09
ENSG00000163659,43.84,41.13
ENSG00000113810,6.31,8.165
ENSG00000008952,9.433,14.59
ENSG00000163581,262.5,251.2
ENSG00000121858,38.48,34.36
ENSG00000121879,2.092,2.502
ENSG00000136518,91.16,71.37
ENSG00000058063,5.782,3.774
ENSG00000078081,0.3218,0.2728
ENSG00000114796,14.52,12.85
ENSG00000114770,10.82,6.414
ENSG00000161203,8.584,6.738
ENSG00000161204,4.582,2.035
ENSG00000175166,3.439,5.219
ENSG00000114867,88.45,96.86
ENSG00000163882,155.9,110.4
ENSG00000163923,14.24,4.47
ENSG00000114315,59.3,41.38
ENSG00000176945,6.167,8.496
ENSG00000163959,245.7,201.3
ENSG00000114503,0.3474,0.1963
ENSG00000161267,16.03,13.95
ENSG00000163950,8.341,7.669
ENSG00000013810,3.864,3.309
ENSG00000109736,5.926,5.503
ENSG00000163956,1.073,0.04332
ENSG00000132406,23.91,32.53
ENSG00000109501,6.603,2.296
ENSG00000002549,277.1,259.1
ENSG00000109805,0.4981,0.4692
ENSG00000109819,1.553,2.329
ENSG00000109606,111.2,117.9
ENSG00000174125,2.018,1.178
ENSG00000163682,179.5,198.0
ENSG00000109814,703.1,659.6
ENSG00000078140,95.78,98.86
ENSG00000121892,0.6721,0.6105
ENSG00000163694,3.042,1.251
ENSG00000163697,3.355,3.628
ENSG00000109184,16.93,21.07
ENSG00000163069,13.03,11.8
ENSG00000109220,4.917,4.314
ENSG00000128050,37.31,44.21
ENSG00000174780,26.34,39.89
ENSG00000163453,0.476,0.3363
ENSG00000135220,5.339,7.718
ENSG00000171234,2666.0,2880.0
ENSG00000135226,1.414,1.427
ENSG00000173597,36.11,42.58
ENSG00000156136,9.049,9.536
ENSG00000163631,16410.0,19840.0
ENSG00000081051,7.922,21.72
ENSG00000169429,105.0,176.9
ENSG00000163739,719.6,765.4
ENSG00000163737,2.145,6.568
ENSG00000163736,0.2941,2.078
ENSG00000081041,55.85,43.35
ENSG00000109321,10.28,22.45
ENSG00000138757,35.87,57.47
ENSG00000138768,51.99,51.04
ENSG00000145293,52.04,41.2
ENSG00000198189,1.029,0.8727
ENSG00000170502,66.89,75.78
ENSG00000118785,56.58,30.84
ENSG00000118777,3.37,2.235
ENSG00000138642,3.955,4.679
ENSG00000138646,5.718,5.791
ENSG00000145335,8.887,19.43
ENSG00000197894,1.015,1.024
ENSG00000187758,4913.0,5349.0
ENSG00000196616,4837.0,4918.0
ENSG00000248144,38.86,57.52
ENSG00000164031,31.04,35.25
ENSG00000164032,681.3,685.5
ENSG00000109320,41.98,44.33
ENSG00000138801,35.82,32.31
ENSG00000138796,30.2,21.97
ENSG00000198856,220.5,252.2
ENSG00000138798,0.3914,0.079
ENSG00000170522,5.228,4.13
ENSG00000164109,0.2206,0.9351
ENSG00000164111,362.5,469.3
ENSG00000145386,3.077,4.941
ENSG00000138685,8.567,8.978
ENSG00000151012,0.1177,0.2217
ENSG00000153130,28.09,42.56
ENSG00000109452,0.4682,0.4725
ENSG00000153147,2.34,2.548
ENSG00000170365,0.6122,0.6179
ENSG00000164167,26.88,25.54
ENSG00000109654,3.155,5.616
ENSG00000121211,3.372,2.382
ENSG00000145423,0.1926,1.633
ENSG00000171566,15.57,18.76
ENSG00000171564,881.4,726.5
ENSG00000171557,1042.0,768.9
ENSG00000164116,0.6319,0.4202
ENSG00000061918,8.088,3.175
ENSG00000109756,2.372,2.283
ENSG00000052802,1084.0,1514.0
ENSG00000137628,3.498,3.438
ENSG00000109674,0.4874,1.377
ENSG00000129187,108.2,129.5
ENSG00000182552,2.638,1.57
ENSG00000164305,36.36,26.35
ENSG00000151725,9.297,5.337
ENSG00000151726,267.2,367.7
ENSG00000151729,66.86,84.51
ENSG00000083857,26.12,32.24
ENSG00000066230,1.384,1.955
ENSG00000171421,265.3,250.4
ENSG00000164151,1.94,1.892
ENSG00000145545,13.88,13.42
ENSG00000112941,3.141,3.96
ENSG00000150753,142.9,167.0
ENSG00000145555,0.8254,0.933
ENSG00000242110,0.5614,0.3966
ENSG00000039560,2.616,2.079
ENSG00000113492,16.4,7.062
ENSG00000079215,24.79,29.98
ENSG00000168621,1.099,0.239
ENSG00000082074,9.443,7.748
ENSG00000171522,1.113,0.393
ENSG00000132356,36.97,35.6
ENSG00000112964,60.0,55.23
ENSG00000172262,5.654,3.268
ENSG00000112972,5.059,4.962
ENSG00000172239,2.362,2.67
ENSG00000112992,73.2,56.91
ENSG00000213949,34.62,33.54
ENSG00000134363,0.2035,0.4314
ENSG00000145649,4.29,3.637
ENSG00000067248,3.151,1.558
ENSG00000188725,34.47,32.16
ENSG00000145675,14.64,11.95
ENSG00000134057,3.013,3.505
ENSG00000153044,12.77,6.418
ENSG00000134058,72.37,73.47
ENSG00000085231,0.4285,1.514
ENSG00000273841,0.5058,1.787
ENSG00000183474,162.3,143.6
ENSG00000249437,6.918,4.887
ENSG00000145736,156.3,129.9
ENSG00000049860,589.8,615.3
ENSG00000164347,15.5,14.13
ENSG00000164346,39.73,48.2
ENSG00000113161,54.63,64.39
ENSG00000113163,22.48,17.86
ENSG00000228716,1.765,0.6929
ENSG00000145687,0.1112,0.1048
ENSG00000174695,42.27,57.21
ENSG00000145715,6.279,10.61
ENSG00000134480,18.25,12.49
ENSG00000153140,26.34,23.93
ENSG00000175745,1.446,1.907
ENSG00000173221,287.5,228.6
ENSG00000153113,23.57,28.9
ENSG00000174132,75.08,78.77
ENSG00000145723,2.653,2.464
ENSG00000164209,6.569,6.442
ENSG00000145777,2.469,2.455
ENSG00000129625,42.89,49.91
ENSG00000134970,21.39,23.29
ENSG00000145782,2.968,2.796
ENSG00000168938,268.8,375.5
ENSG00000164904,1.855,1.14
ENSG00000113368,3.202,3.744
ENSG00000066583,22.37,24.61
ENSG00000072682,15.94,26.45
ENSG00000113522,28.76,30.2
ENSG00000164404,58.86,53.9
ENSG00000164405,151.3,142.2
ENSG00000170606,99.76,143.6
ENSG00000213585,758.6,955.6
ENSG00000113558,49.24,50.33
ENSG00000113575,40.86,45.96
ENSG00000043143,0.6677,1.089
ENSG00000113658,54.56,64.88
ENSG00000120738,26.34,40.86
ENSG00000120705,46.67,62.46
ENSG00000170458,125.7,159.5
ENSG00000250120,0.05053,0.0357
ENSG00000243232,0.3305,0.0934
ENSG00000178913,50.75,63.66
ENSG00000113552,48.14,37.65
ENSG00000113580,8.311,9.32
ENSG00000145817,8.831,8.318
ENSG00000113649,3.315,1.071
ENSG00000113712,9.493,14.38
ENSG00000182578,9.794,12.31
ENSG00000019582,1.318,2.128
ENSG00000145901,16.95,24.09
ENSG00000145907,45.18,51.25
ENSG00000082516,14.78,12.85
ENSG00000113249,25.31,42.42
ENSG00000113263,1.719,0.2429
ENSG00000164611,1.628,0.7666
ENSG00000113328,4.504,6.482
ENSG00000072571,1.912,7.023
ENSG00000120137,68.91,57.51
ENSG00000134516,3.289,4.046
ENSG00000072786,3.839,3.678
ENSG00000120129,312.2,287.9
ENSG00000113732,1163.0,1075.0
ENSG00000175416,86.43,87.62
ENSG00000160883,11.93,5.322
ENSG00000131188,0.3722,0.1169
ENSG00000145912,79.12,109.9
ENSG00000127022,75.51,90.26
ENSG00000161011,145.2,157.8
ENSG00000197226,90.3,97.12
ENSG00000050748,1.053,0.7828
ENSG00000112679,24.22,22.72
ENSG00000137275,22.82,19.76
ENSG00000137274,177.6,175.4
ENSG00000137267,138.8,169.0
ENSG00000137285,5.6,5.934
ENSG00000124787,7.104,8.937
ENSG00000124783,4.933,7.083
ENSG00000096696,30.6,33.72
ENSG00000239264,84.76,105.4
ENSG00000111843,191.7,224.7
ENSG00000137210,2.122,1.499
ENSG00000197977,0.2645,0.4672
ENSG00000078401,0.2902,0.41
ENSG00000145990,7.214,5.247
ENSG00000050393,0.5043,0.08906
ENSG00000137177,9.907,16.2
ENSG00000124795,63.14,68.65
ENSG00000124766,5.921,10.37
ENSG00000112308,10.61,11.27
ENSG00000112312,18.48,13.25
ENSG00000079691,6.302,4.773
ENSG00000146047,51.02,3.728
ENSG00000286522,33.39,13.81
ENSG00000276410,147.1,60.48
ENSG00000287080,16.75,13.02
ENSG00000187837,895.8,1048.0
ENSG00000180596,2366.0,2189.0
ENSG00000180573,1136.0,1171.0
ENSG00000168298,613.0,603.3
ENSG00000158373,613.8,443.5
ENSG00000274290,281.0,158.6
ENSG00000197409,50.08,34.79
ENSG00000196866,90.44,62.83
ENSG00000277224,331.6,195.8
ENSG00000273802,1.728,1.22
ENSG00000277075,14.31,33.7
ENSG00000275713,7.235,5.112
ENSG00000278588,101.2,118.1
ENSG00000186470,9.574,14.71
ENSG00000124635,47.95,25.97
ENSG00000196787,319.5,201.8
ENSG00000197903,141.3,172.1
ENSG00000274997,13.58,38.39
ENSG00000185130,364.0,369.3
ENSG00000278828,30.07,14.93
ENSG00000276368,1.751,3.711
ENSG00000273703,4.309,4.871
ENSG00000275221,304.2,237.3
ENSG00000233822,77.9,38.71
ENSG00000276903,299.3,241.5
ENSG00000278677,287.3,224.2
ENSG00000274641,70.78,39.54
ENSG00000204681,0.8876,1.17
ENSG00000204642,0.5741,0.5408
ENSG00000204632,0.4719,3.334
ENSG00000206503,492.0,416.4
ENSG00000204592,160.9,165.3
ENSG00000204574,28.67,43.86
ENSG00000137331,7.147,9.22
ENSG00000204580,3.919,1.411
ENSG00000204525,84.25,53.89
ENSG00000234745,602.6,503.1
ENSG00000204482,36.32,37.88
ENSG00000204472,139.9,146.2
ENSG00000204392,65.85,88.62
ENSG00000204389,17.46,29.64
ENSG00000204388,29.78,56.32
ENSG00000204351,2.084,0.4016
ENSG00000213676,7.611,7.032
ENSG00000204287,440.4,572.1
ENSG00000198502,277.6,468.4
ENSG00000196126,10.11,26.78
ENSG00000196735,2.63,6.193
ENSG00000179344,46.48,32.01
ENSG00000168394,10.11,7.487
ENSG00000240065,195.4,148.5
ENSG00000242574,120.6,142.2
ENSG00000204257,13.72,14.41
ENSG00000204228,80.65,102.3
ENSG00000231500,1247.0,1319.0
ENSG00000204209,93.63,116.9
ENSG00000030110,1.838,1.652
ENSG00000112033,3.543,5.202
ENSG00000096060,21.7,26.67
ENSG00000112062,20.37,13.87
ENSG00000156711,24.61,23.89
ENSG00000124762,9.106,9.41
ENSG00000198663,0.9967,1.216
ENSG00000124731,2.684,1.19
ENSG00000112576,2.432,3.608
ENSG00000146223,8.681,8.762
ENSG00000137161,74.39,81.36
ENSG00000124713,4.644,2.019
ENSG00000137204,272.0,202.0
ENSG00000171467,0.2341,0.5954
ENSG00000171453,1.83,3.017
ENSG00000112715,104.5,120.0
ENSG00000180992,134.8,104.7
ENSG00000096384,161.6,249.5
ENSG00000146232,16.89,12.74
ENSG00000146233,16.44,10.85
ENSG00000153291,37.59,15.64
ENSG00000146072,17.81,30.41
ENSG00000096006,0.3382,0.7168
ENSG00000112118,25.85,31.66
ENSG00000065308,12.21,12.82
ENSG00000244067,1242.0,484.1
ENSG00000001084,77.98,94.69
ENSG00000146147,4.255,1.479
ENSG00000112200,0.6487,0.1183
ENSG00000112305,5.238,8.198
ENSG00000112309,3.793,5.936
ENSG00000111799,0.02917,0.2473
ENSG00000112701,18.29,26.76
ENSG00000112742,0.2092,0.1478
ENSG00000013375,43.7,43.26
ENSG00000065833,91.5,96.35
ENSG00000135318,1.228,2.403
ENSG00000164414,26.42,35.05
ENSG00000198833,0.6646,0.4695
ENSG00000112237,21.21,16.06
ENSG00000112249,28.23,19.56
ENSG00000130347,0.07449,0.421
ENSG00000118689,5.927,3.945
ENSG00000080546,9.515,9.883
ENSG00000112367,8.758,11.22
ENSG00000155111,8.929,6.427
ENSG00000056972,4.139,3.645
ENSG00000010810,1.69,0.7958
ENSG00000277443,19.15,12.01
ENSG00000196591,1.907,1.994
ENSG00000123500,0.07209,0.1019
ENSG00000153989,7.213,10.19
ENSG00000111875,26.85,28.78
ENSG00000135549,3.166,2.237
ENSG00000203760,7.509,11.67
ENSG00000152894,3.481,2.135
ENSG00000079819,3.489,3.457
ENSG00000118523,6.741,15.8
ENSG00000028839,2.901,2.105
ENSG00000118513,1.01,1.946
ENSG00000135525,13.67,19.43
ENSG00000027697,1.986,4.431
ENSG00000118503,4.684,2.395
ENSG00000118495,0.7409,1.903
ENSG00000178199,0.2008,0.6619
ENSG00000120265,225.9,296.2
ENSG00000091831,5.228,1.947
ENSG00000112029,3.844,2.489
ENSG00000153721,11.2,11.15
ENSG00000112096,1.87,1.29
ENSG00000120437,293.0,394.6
ENSG00000197081,48.72,58.94
ENSG00000175003,77.79,64.2
ENSG00000085511,3.751,3.649
ENSG00000112592,38.76,39.93
ENSG00000197461,3.452,4.553
ENSG00000164850,11.82,7.82
ENSG00000136238,651.6,716.6
ENSG00000136240,190.3,228.7
ENSG00000106399,9.514,6.184
ENSG00000189043,67.05,87.0
ENSG00000006468,1.67,1.146
ENSG00000136261,7.224,9.684
ENSG00000106546,9.851,5.742
ENSG00000071189,12.97,11.85
ENSG00000106004,0.2302,0.6504
ENSG00000253293,0.9759,0.394
ENSG00000136193,1.261,3.118
ENSG00000106080,1.668,3.321
ENSG00000106355,1.783,4.458
ENSG00000136250,8.213,4.031
ENSG00000006451,13.92,14.49
ENSG00000122641,0.4265,1.205
ENSG00000106605,99.58,81.95
ENSG00000106636,20.05,17.73
ENSG00000058404,9.231,8.553
ENSG00000015676,8.498,6.489
ENSG00000196262,1014.0,1132.0
ENSG00000105968,4.004,8.775
ENSG00000146678,177.7,217.4
ENSG00000146674,14.32,8.67
ENSG00000185811,2.046,1.879
ENSG00000132437,160.0,128.0
ENSG00000106070,7.867,6.654
ENSG00000146648,8.367,8.451
ENSG00000239789,57.25,55.65
ENSG00000146731,277.9,381.7
ENSG00000169919,223.1,255.8
ENSG00000106635,5.239,9.595
ENSG00000049541,6.288,3.153
ENSG00000274070,6.347,5.756
ENSG00000127948,68.2,90.84
ENSG00000146701,298.7,305.5
ENSG00000106211,333.4,401.9
ENSG00000127951,1.174,0.2552
ENSG00000127947,36.74,31.72
ENSG00000127955,2.928,4.346
ENSG00000135218,77.84,64.96
ENSG00000135164,2.082,2.084
ENSG00000085563,23.35,29.32
ENSG00000006634,7.992,7.578
ENSG00000127954,0.2667,0.1077
ENSG00000164647,68.11,76.19
ENSG00000157240,0.446,1.418
ENSG00000001630,573.2,814.9
ENSG00000105810,12.0,11.16
ENSG00000177409,0.4301,0.9875
ENSG00000127990,8.384,7.897
ENSG00000004864,63.62,67.62
ENSG00000105880,1.218,0.3442
ENSG00000160917,6.722,9.011
ENSG00000197037,183.3,143.6
ENSG00000106258,770.7,915.7
ENSG00000160870,99.1,174.2
ENSG00000160868,879.5,1399.0
ENSG00000021461,1.563,1.104
ENSG00000166508,16.44,10.65
ENSG00000106333,4.143,3.991
ENSG00000169894,1.128,1.4
ENSG00000106366,158.1,178.6
ENSG00000106397,18.39,15.98
ENSG00000214253,8.836,9.364
ENSG00000091127,0.2169,0.1532
ENSG00000008282,100.2,102.8
ENSG00000105835,484.5,583.8
ENSG00000091140,1.17,0.1503
ENSG00000128590,107.4,108.7
ENSG00000135269,23.64,22.78
ENSG00000105971,22.45,37.38
ENSG00000105974,31.07,30.34
ENSG00000105976,26.66,25.59
ENSG00000004866,51.1,47.86
ENSG00000128595,2.517,1.536
ENSG00000128524,647.7,648.6
ENSG00000106484,2.143,0.8653
ENSG00000128567,1.284,0.3629
ENSG00000198074,644.7,737.5
ENSG00000227471,1.359,0.4802
ENSG00000080802,32.29,24.54
ENSG00000105887,3.862,1.867
ENSG00000275896,57.09,45.57
ENSG00000106144,3.644,8.11
ENSG00000106462,2.496,1.924
ENSG00000171115,0.7839,1.477
ENSG00000179144,7.915,7.158
ENSG00000133574,22.02,18.94
ENSG00000213203,0.8808,1.742
ENSG00000196329,5.529,5.498
ENSG00000164885,39.74,48.89
ENSG00000106615,1.002,1.012
ENSG00000106617,1.758,1.863
ENSG00000157212,0.06682,0.6609
ENSG00000186480,567.4,437.8
ENSG00000009335,12.14,7.735
ENSG00000105993,18.65,16.42
ENSG00000146918,0.1226,0.08665
ENSG00000206047,6.069,6.67
ENSG00000240247,6.383,7.014
ENSG00000175806,1.347,3.534
ENSG00000079459,29.88,52.12
ENSG00000078674,13.04,12.9
ENSG00000104763,115.3,124.8
ENSG00000171428,26.65,17.89
ENSG00000156006,76.96,65.62
ENSG00000147416,41.39,40.4
ENSG00000130227,9.517,7.374
ENSG00000158856,21.06,17.85
ENSG00000120896,3.408,5.726
ENSG00000179388,0.1468,0.1037
ENSG00000120889,79.8,62.49
ENSG00000159167,1.689,0.1404
ENSG00000104756,2.176,2.135
ENSG00000104765,66.46,72.68
ENSG00000120899,2.631,5.098
ENSG00000120915,67.58,70.03
ENSG00000120885,159.1,92.5
ENSG00000168077,5.161,5.78
ENSG00000168078,1.851,1.744
ENSG00000186918,2.003,1.245
ENSG00000120875,0.7673,0.2409
ENSG00000104660,16.59,18.06
ENSG00000104671,330.4,354.5
ENSG00000197265,22.33,26.56
ENSG00000104687,232.2,249.9
ENSG00000187840,538.7,548.4
ENSG00000175324,64.23,67.83
ENSG00000169490,2.022,0.6492
ENSG00000083168,11.97,13.55
ENSG00000104365,4.205,1.685
ENSG00000070501,53.95,65.34
ENSG00000176209,67.72,80.87
ENSG00000221869,89.65,105.8
ENSG00000253729,2.285,3.43
ENSG00000104738,6.164,8.969
ENSG00000169139,10.98,10.91
ENSG00000019549,25.21,20.18
ENSG00000120992,196.0,201.4
ENSG00000137547,106.1,90.73
ENSG00000008988,164.8,181.0
ENSG00000167910,65.47,60.79
ENSG00000137563,245.8,267.7
ENSG00000066855,46.51,47.68
ENSG00000179041,4.469,4.421
ENSG00000185697,1.208,1.043
ENSG00000121022,85.71,72.08
ENSG00000067167,132.2,133.3
ENSG00000154582,394.1,465.2
ENSG00000170323,5269.0,3085.0
ENSG00000104231,0.1678,0.2371
ENSG00000164695,11.0,12.32
ENSG00000104267,68.02,64.83
ENSG00000085719,50.23,57.98
ENSG00000104325,105.0,118.6
ENSG00000183808,0.3068,0.1238
ENSG00000104413,0.5849,1.102
ENSG00000156469,10.23,8.029
ENSG00000147669,509.8,547.1
ENSG00000164924,13.26,15.77
ENSG00000048392,39.94,29.19
ENSG00000147647,112.7,90.28
ENSG00000104408,589.7,574.4
ENSG00000164754,30.35,36.8
ENSG00000182197,90.86,67.02
ENSG00000147676,54.95,35.75
ENSG00000172172,100.1,140.5
ENSG00000156787,1.362,2.406
ENSG00000156802,6.514,3.623
ENSG00000164983,4.105,1.261
ENSG00000164961,55.65,49.39
ENSG00000173334,63.01,63.94
ENSG00000136997,37.6,36.3
ENSG00000155926,2.135,1.961
ENSG00000104419,77.8,42.52
ENSG00000008513,4.655,4.569
ENSG00000131773,35.77,49.75
ENSG00000169398,5.399,6.291
ENSG00000105339,0.2413,0.6818
ENSG00000179142,1.178,1.665
ENSG00000104522,56.24,54.63
ENSG00000179950,5.962,6.038
ENSG00000178896,20.13,29.52
ENSG00000179091,17.88,10.05
ENSG00000160948,42.5,72.67
ENSG00000161016,737.5,805.5
ENSG00000172785,51.97,47.96
ENSG00000147853,27.24,34.4
ENSG00000096968,1.019,3.071
ENSG00000107186,10.94,11.89
ENSG00000164985,24.35,28.36
ENSG00000155876,118.5,132.1
ENSG00000147872,1338.0,1678.0
ENSG00000137154,864.5,946.6
ENSG00000198642,4.554,5.582
ENSG00000137074,16.45,14.65
ENSG00000010438,4.025,1.219
ENSG00000107140,12.46,18.25
ENSG00000107159,0.2162,0.3055
ENSG00000107338,62.35,86.57
ENSG00000215126,41.75,40.05
ENSG00000147996,21.22,20.12
ENSG00000196873,68.23,63.47
ENSG00000165072,112.4,118.5
ENSG00000135048,36.78,45.34
ENSG00000156052,10.55,13.11
ENSG00000135069,60.64,42.35
ENSG00000196781,6.938,3.226
ENSG00000178966,1.633,3.028
ENSG00000196730,24.53,13.4
ENSG00000135047,53.32,40.0
ENSG00000123975,306.4,314.8
ENSG00000130222,7.551,6.605
ENSG00000165025,2.083,1.276
ENSG00000165030,21.25,27.98
ENSG00000090054,0.2303,0.5422
ENSG00000196305,3.426,1.037
ENSG00000148120,1.105,1.178
ENSG00000165244,4.754,2.687
ENSG00000204291,0.1408,0.1989
ENSG00000119508,1.323,0.0779
ENSG00000136881,2445.0,2926.0
ENSG00000136824,0.26,0.9798
ENSG00000136783,60.38,97.27
ENSG00000070061,49.16,41.26
ENSG00000119326,1.026,0.8285
ENSG00000176386,0.5051,0.7137
ENSG00000136875,6.356,13.93
ENSG00000148229,43.16,43.43
ENSG00000229314,3417.0,2965.0
ENSG00000228278,2738.0,2334.0
ENSG00000136869,0.3304,0.2122
ENSG00000106804,197.1,158.3
ENSG00000095303,1.387,0.3919
ENSG00000165209,6.006,4.816
ENSG00000136942,2019.0,2193.0
ENSG00000044574,159.1,127.3
ENSG00000136854,1.774,3.034
ENSG00000187024,3.796,6.492
ENSG00000136877,84.16,78.54
ENSG00000106991,2.917,1.585
ENSG00000136908,2.486,1.756
ENSG00000148346,22.03,8.61
ENSG00000106976,2.475,4.842
ENSG00000167112,3.212,2.408
ENSG00000197694,18.39,16.96
ENSG00000167136,8.136,12.69
ENSG00000136827,53.71,55.59
ENSG00000130707,316.1,251.9
ENSG00000097007,0.937,0.3531
ENSG00000170835,2.907,1.826
ENSG00000160271,1.045,1.846
ENSG00000148303,456.3,310.4
ENSG00000160326,5.999,3.545
ENSG00000122140,3.929,2.082
ENSG00000148400,0.8436,1.76
ENSG00000107281,31.79,28.35
ENSG00000067064,279.9,465.8
ENSG00000067057,6.245,8.823
ENSG00000067082,52.27,45.9
ENSG00000187134,35.83,40.01
ENSG00000151632,313.6,359.9
ENSG00000196139,494.2,542.3
ENSG00000198610,197.7,220.5
ENSG00000173848,16.97,17.23
ENSG00000057608,1.254,1.519
ENSG00000165629,1426.0,1432.0
ENSG00000148429,3.581,4.303
ENSG00000165609,2.277,0.6128
ENSG00000065328,3.277,1.306
ENSG00000152464,44.77,50.66
ENSG00000148484,25.45,20.66
ENSG00000026025,489.3,517.9
ENSG00000120594,11.4,10.33
ENSG00000107890,0.4355,0.3493
ENSG00000136758,15.44,21.27
ENSG00000095739,107.5,89.61
ENSG00000099250,31.1,31.76
ENSG00000177291,2.331,0.6587
ENSG00000169813,3.423,7.738
ENSG00000107562,0.4738,0.1545
ENSG00000265354,117.0,127.1
ENSG00000264230,4.752,6.178
ENSG00000265190,1.121,1.089
ENSG00000204152,30.31,33.23
ENSG00000165471,17.04,29.26
ENSG00000122873,34.31,26.98
ENSG00000108064,22.05,26.6
ENSG00000170312,0.9002,3.18
ENSG00000150347,1.182,1.077
ENSG00000181915,18.4,17.48
ENSG00000138346,0.8109,0.2292
ENSG00000198954,14.64,19.7
ENSG00000122862,46.69,31.72
ENSG00000156502,20.67,19.87
ENSG00000156515,9.818,12.57
ENSG00000180817,106.3,103.7
ENSG00000166228,324.2,348.1
ENSG00000197746,345.2,355.2
ENSG00000168209,0.4408,0.6228
ENSG00000122882,38.77,35.73
ENSG00000182180,62.0,57.7
ENSG00000138279,60.03,66.74
ENSG00000122861,8.49,6.578
ENSG00000185009,71.71,67.94
ENSG00000156650,8.265,8.536
ENSG00000165637,102.9,113.4
ENSG00000108175,1.439,1.582
ENSG00000185303,5.449,0.3948
ENSG00000122852,5.136,0.4535
ENSG00000148672,12.52,11.93
ENSG00000171862,1.462,2.943
ENSG00000107796,30.61,24.03
ENSG00000026103,17.92,11.74
ENSG00000107798,765.4,698.2
ENSG00000119922,6.57,11.2
ENSG00000119917,28.12,30.78
ENSG00000185745,26.67,42.5
ENSG00000165338,3.317,3.227
ENSG00000119912,20.87,19.76
ENSG00000138160,3.065,1.624
ENSG00000138180,2.006,2.632
ENSG00000173145,11.82,12.32
ENSG00000119969,0.4515,0.1993
ENSG00000108242,1.664,0.4702
ENSG00000165841,102.6,120.3
ENSG00000138109,2981.0,2054.0
ENSG00000138115,1686.0,1628.0
ENSG00000107438,95.22,134.2
ENSG00000077147,4.109,4.064
ENSG00000155629,31.43,22.21
ENSG00000052749,1.087,0.8777
ENSG00000171314,6.737,5.024
ENSG00000171307,25.54,15.04
ENSG00000120053,119.3,170.8
ENSG00000023839,278.3,326.2
ENSG00000213341,7.8,6.788
ENSG00000196072,100.7,115.9
ENSG00000166197,12.3,17.78
ENSG00000119915,2.265,1.92
ENSG00000107862,16.17,14.85
ENSG00000077150,0.1657,0.1171
ENSG00000173915,283.7,283.8
ENSG00000065613,16.07,15.39
ENSG00000108039,30.16,19.88
ENSG00000119953,39.8,33.31
ENSG00000108055,14.11,18.49
ENSG00000197142,88.94,92.96
ENSG00000023041,7.383,8.325
ENSG00000165806,20.05,25.41
ENSG00000165646,0.602,0.1418
ENSG00000107560,8.635,11.45
ENSG00000107581,34.46,59.21
ENSG00000165672,2336.0,2373.0
ENSG00000151929,38.72,35.49
ENSG00000066468,27.41,36.79
ENSG00000166033,64.34,104.2
ENSG00000148773,0.1743,0.3285
ENSG00000176171,2.354,1.33
ENSG00000151651,13.18,7.45
ENSG00000130649,2375.0,2096.0
ENSG00000142082,0.4797,0.9683
ENSG00000185201,3371.0,3788.0
ENSG00000185885,8563.0,8976.0
ENSG00000142089,7779.0,8141.0
ENSG00000023191,1.422,2.612
ENSG00000185507,13.83,10.56
ENSG00000177156,226.6,255.9
ENSG00000117984,1415.0,1388.0
ENSG00000254647,4.775,5.903
ENSG00000167325,7.621,13.04
ENSG00000244734,1.224,1.73
ENSG00000132274,91.17,93.27
ENSG00000132254,11.63,11.58
ENSG00000166333,84.79,98.52
ENSG00000166337,38.28,44.47
ENSG00000148926,13.91,13.47
ENSG00000166689,3.381,2.132
ENSG00000110700,91.17,119.5
ENSG00000011405,24.76,23.0
ENSG00000070081,14.75,17.56
ENSG00000006611,0.3397,0.48
ENSG00000134339,183.5,181.3
ENSG00000173432,1230.0,1207.0
ENSG00000134333,331.7,419.7
ENSG00000074319,125.8,163.0
ENSG00000121691,2265.0,2086.0
ENSG00000110435,22.95,23.49
ENSG00000026508,42.92,38.02
ENSG00000110436,5.183,2.387
ENSG00000175104,1.089,0.6836
ENSG00000052841,2.66,1.629
ENSG00000175220,9.745,7.012
ENSG00000180210,544.1,447.3
ENSG00000165912,1.665,0.1961
ENSG00000134574,44.93,25.57
ENSG00000025434,108.9,93.42
ENSG00000165916,44.81,61.14
ENSG00000086205,2.656,3.328
ENSG00000156587,207.7,198.4
ENSG00000198561,5.071,6.433
ENSG00000197629,11.22,3.688
ENSG00000110077,2.25,1.907
ENSG00000110079,57.13,43.28
ENSG00000166927,25.55,14.44
ENSG00000156738,0.4278,2.267
ENSG00000110104,1.454,2.054
ENSG00000110446,10.97,15.29
ENSG00000168496,5.72,2.425
ENSG00000124939,2.957,1.044
ENSG00000254772,36.15,35.68
ENSG00000149499,0.2894,0.2726
ENSG00000176340,668.4,586.0
ENSG00000149782,1.691,1.562
ENSG00000002330,16.02,7.987
ENSG00000146670,0.6805,1.374
ENSG00000014216,16.38,14.98
ENSG00000175602,31.93,14.1
ENSG00000175550,100.5,62.11
ENSG00000175334,45.0,49.34
ENSG00000174684,0.383,0.2706
ENSG00000175482,3.713,7.097
ENSG00000172613,7.258,2.614
ENSG00000175463,2.943,4.62
ENSG00000172725,0.429,0.1212
ENSG00000213402,2.119,0.5988
ENSG00000084207,167.0,116.5
ENSG00000132740,2.322,1.193
ENSG00000110092,2.54,3.332
ENSG00000085733,26.3,27.64
ENSG00000172893,23.35,14.16
ENSG00000118363,2.285,1.413
ENSG00000137491,170.7,167.8
ENSG00000149273,81.16,84.82
ENSG00000158555,2.475,0.0853
ENSG00000182704,122.9,189.2
ENSG00000149269,0.17,0.3602
ENSG00000159063,1.065,1.504
ENSG00000137509,1.687,2.524
ENSG00000165490,0.8441,1.044
ENSG00000171202,107.1,68.39
ENSG00000137501,0.4425,0.5731
ENSG00000074266,1.43,0.8917
ENSG00000149196,20.19,16.06
ENSG00000150687,5.528,8.005
ENSG00000020922,17.01,17.1
ENSG00000196371,0.8898,1.347
ENSG00000166037,10.4,13.08
ENSG00000087053,0.9922,0.1078
ENSG00000110330,16.58,11.46
ENSG00000118113,0.4766,0.5051
ENSG00000137752,66.49,68.31
ENSG00000204397,0.9339,0.2639
ENSG00000149313,17.34,23.66
ENSG00000075239,276.8,248.8
ENSG00000178105,14.58,11.82
ENSG00000150768,92.35,131.0
ENSG00000150782,18.97,38.56
ENSG00000086827,2.386,1.498
ENSG00000166741,69.95,40.64
ENSG00000118137,11770.0,10540.0
ENSG00000149591,7.128,3.825
ENSG00000110324,2.087,2.441
ENSG00000160593,3.801,1.79
ENSG00000198851,5.084,1.596
ENSG00000167286,37.95,21.45
ENSG00000118181,1885.0,2143.0
ENSG00000149428,22.45,22.48
ENSG00000188486,5.064,1.022
ENSG00000172375,0.8098,0.1635
ENSG00000160703,1.652,2.088
ENSG00000196914,137.5,133.0
ENSG00000149403,0.2876,0.1742
ENSG00000109943,8.297,7.479
ENSG00000109971,307.5,419.9
ENSG00000149547,32.62,88.98
ENSG00000149554,4.865,2.221
ENSG00000134954,9.312,6.444
ENSG00000073614,8.621,11.06
ENSG00000151065,0.5432,0.8954
ENSG00000004478,10.36,14.74
ENSG00000118971,0.2368,0.8364
ENSG00000078237,27.72,24.55
ENSG00000111247,1.422,12.3
ENSG00000139193,1.54,0.9668
ENSG00000010292,2.47,4.39
ENSG00000111640,837.1,709.4
ENSG00000111652,1.893,1.702
ENSG00000010610,1.517,2.602
ENSG00000111669,3.676,3.396
ENSG00000111674,4.692,1.42
ENSG00000111679,30.33,37.48
ENSG00000126749,1.225,1.73
ENSG00000182326,2896.0,2550.0
ENSG00000159403,1.031,2.706
ENSG00000139178,39.01,25.12
ENSG00000177575,61.62,47.36
ENSG00000173262,9.377,4.627
ENSG00000059804,3.214,0.7096
ENSG00000171860,19.38,16.49
ENSG00000111729,9.964,7.768
ENSG00000175899,555.2,580.3
ENSG00000110848,8.256,9.721
ENSG00000172243,18.85,18.53
ENSG00000173391,1.528,3.67
ENSG00000139112,14.5,36.49
ENSG00000213809,9.024,5.169
ENSG00000205809,23.92,10.68
ENSG00000111276,99.64,100.3
ENSG00000013583,189.0,243.7
ENSG00000134531,20.63,8.754
ENSG00000023697,295.2,280.1
ENSG00000111700,0.7347,0.6921
ENSG00000134538,920.9,769.5
ENSG00000004700,45.06,54.47
ENSG00000111711,2.253,3.661
ENSG00000111731,21.5,26.67
ENSG00000139163,27.2,20.15
ENSG00000060982,14.17,9.067
ENSG00000123104,12.13,10.11
ENSG00000064115,28.49,30.64
ENSG00000152944,33.04,27.94
ENSG00000087470,23.95,18.44
ENSG00000151233,1.051,2.83
ENSG00000139211,5.333,8.221
ENSG00000005175,30.35,26.97
ENSG00000181929,0.7555,0.6404
ENSG00000123416,60.24,45.4
ENSG00000167553,5.246,5.271
ENSG00000139644,355.6,475.4
ENSG00000161800,1.452,0.2564
ENSG00000123268,4.311,3.201
ENSG00000110911,10.17,12.19
ENSG00000110934,19.16,10.58
ENSG00000135480,9.662,11.41
ENSG00000205426,0.5978,1.689
ENSG00000111057,1331.0,2127.0
ENSG00000063046,85.79,74.22
ENSG00000167779,23.14,15.48
ENSG00000135476,0.7261,1.026
ENSG00000135409,2.104,0.4955
ENSG00000012822,3.215,6.056
ENSG00000111481,54.62,67.28
ENSG00000123338,12.63,11.12
ENSG00000123353,94.05,120.5
ENSG00000123374,2.741,4.101
ENSG00000065361,48.85,36.31
ENSG00000062485,6.989,6.894
ENSG00000257727,0.5273,0.4967
ENSG00000135473,0.2104,0.1982
ENSG00000110955,53.97,54.34
ENSG00000123329,5.096,5.329
ENSG00000175197,81.57,62.24
ENSG00000135452,32.16,28.99
ENSG00000135446,64.92,58.53
ENSG00000118596,0.0264,0.3731
ENSG00000118600,72.27,66.98
ENSG00000135677,93.12,70.65
ENSG00000111581,0.7382,1.652
ENSG00000135679,177.4,150.6
ENSG00000090382,1301.0,2434.0
ENSG00000166225,28.88,26.69
ENSG00000080371,17.07,23.0
ENSG00000179941,7.325,7.459
ENSG00000139318,20.24,22.31
ENSG00000257594,3.854,3.328
ENSG00000120833,0.3188,0.3604
ENSG00000166130,34.1,37.1
ENSG00000012504,96.36,83.02
ENSG00000120805,73.56,83.18
ENSG00000075188,1.364,0.2141
ENSG00000017427,10.6,7.032
ENSG00000166598,687.5,714.5
ENSG00000120837,6.263,3.034
ENSG00000198431,32.21,45.9
ENSG00000171310,10.78,6.879
ENSG00000136051,51.27,58.16
ENSG00000013503,0.5369,0.3372
ENSG00000008405,32.8,33.79
ENSG00000136045,2.946,2.973
ENSG00000151148,7.695,8.537
ENSG00000111229,1015.0,1209.0
ENSG00000204852,0.5351,0.7561
ENSG00000186298,175.3,191.9
ENSG00000111275,309.6,268.3
ENSG00000089022,2.773,4.555
ENSG00000089009,101.8,124.4
ENSG00000089127,20.65,26.91
ENSG00000135108,3.061,1.712
ENSG00000111445,1.53,1.081
ENSG00000089220,6711.0,8108.0
ENSG00000111725,16.77,23.25
ENSG00000089157,775.1,807.1
ENSG00000089159,4.004,2.605
ENSG00000170855,39.74,30.67
ENSG00000111786,657.0,558.2
ENSG00000088986,668.2,751.7
ENSG00000110871,22.48,42.26
ENSG00000167272,29.39,29.67
ENSG00000110917,9.189,11.33
ENSG00000135100,11.28,3.336
ENSG00000110801,6.065,5.78
ENSG00000182782,1.117,1.052
ENSG00000255398,1.122,1.057
ENSG00000086598,1207.0,1296.0
ENSG00000111361,47.14,53.7
ENSG00000119242,23.99,16.39
ENSG00000073060,28.62,32.42
ENSG00000132341,111.1,130.5
ENSG00000177192,8.262,5.472
ENSG00000176894,55.08,81.19
ENSG00000121741,2.015,0.8357
ENSG00000165474,6.215,10.32
ENSG00000132970,2.404,2.697
ENSG00000133119,1.367,2.269
ENSG00000120699,66.22,44.07
ENSG00000120686,49.38,57.1
ENSG00000133106,0.9397,1.254
ENSG00000120675,22.73,18.35
ENSG00000136167,380.5,190.9
ENSG00000136143,53.11,55.72
ENSG00000139687,14.28,18.59
ENSG00000204977,12.26,13.49
ENSG00000102554,7.718,7.68
ENSG00000005810,4.204,2.697
ENSG00000125257,6.17,9.404
ENSG00000139793,241.6,248.9
ENSG00000065150,7.155,13.42
ENSG00000169508,0.7493,1.588
ENSG00000125304,311.9,375.1
ENSG00000102524,5.152,3.64
ENSG00000187498,4.264,1.497
ENSG00000134871,4.77,2.528
ENSG00000088448,22.7,17.88
ENSG00000185896,810.4,819.2
ENSG00000198176,45.57,46.73
ENSG00000130177,120.9,132.3
ENSG00000129484,40.16,37.75
ENSG00000100823,69.04,45.6
ENSG00000258818,792.2,806.1
ENSG00000169413,86.94,48.61
ENSG00000129562,678.3,683.6
ENSG00000155463,14.66,17.23
ENSG00000155465,5.29,4.53
ENSG00000197324,35.36,36.09
ENSG00000100462,19.79,45.56
ENSG00000129473,2.417,3.266
ENSG00000092010,49.8,38.63
ENSG00000100911,58.08,68.39
ENSG00000254505,236.2,318.1
ENSG00000100938,15.64,16.23
ENSG00000129467,0.518,1.025
ENSG00000129465,6.57,7.253
ENSG00000100453,0.8504,2.403
ENSG00000129518,23.63,39.19
ENSG00000129515,3.354,2.054
ENSG00000165410,17.85,18.01
ENSG00000092020,5.277,5.825
ENSG00000100906,37.53,43.32
ENSG00000100916,19.13,19.55
ENSG00000129514,41.65,36.7
ENSG00000100934,69.76,68.42
ENSG00000100479,2.774,1.764
ENSG00000165516,106.3,100.1
ENSG00000125375,1.655,2.03
ENSG00000100504,70.59,75.29
ENSG00000139921,4.488,3.238
ENSG00000197930,73.36,66.76
ENSG00000100519,14.99,14.74
ENSG00000073712,0.2089,0.4427
ENSG00000125378,1.193,1.054
ENSG00000100526,11.95,8.445
ENSG00000100532,7.77,3.416
ENSG00000168175,4.511,6.232
ENSG00000126787,0.8208,0.9941
ENSG00000126777,22.97,30.39
ENSG00000100575,7.768,3.252
ENSG00000100592,15.43,22.25
ENSG00000050130,17.57,23.91
ENSG00000100612,277.4,383.1
ENSG00000020426,27.62,12.55
ENSG00000027075,0.8292,0.8633
ENSG00000100644,19.74,27.77
ENSG00000154001,1.668,1.768
ENSG00000126821,28.25,22.36
ENSG00000054654,1.87,2.254
ENSG00000140009,0.137,0.1291
ENSG00000100714,21.33,26.0
ENSG00000089775,4.726,5.762
ENSG00000176153,21.83,34.1
ENSG00000100554,132.9,116.5
ENSG00000134001,86.05,72.04
ENSG00000100652,94.08,124.5
ENSG00000080815,26.47,34.9
ENSG00000170348,35.08,43.75
ENSG00000170345,8.221,10.33
ENSG00000100577,6.454,11.07
ENSG00000100591,180.4,169.7
ENSG00000100596,3.543,5.323
ENSG00000071537,0.04481,0.1266
ENSG00000185070,0.2076,0.2933
ENSG00000140030,7.498,5.538
ENSG00000100764,1.033,1.004
ENSG00000119720,0.4336,0.4212
ENSG00000198668,17.72,25.15
ENSG00000100600,1.694,1.197
ENSG00000012963,19.98,25.73
ENSG00000196136,118.0,84.77
ENSG00000090060,71.33,70.24
ENSG00000100749,14.06,21.41
ENSG00000196405,35.76,26.45
ENSG00000140105,44.69,43.14
ENSG00000080824,315.4,456.2
ENSG00000100664,0.8957,0.0904
ENSG00000088808,2.319,0.7022
ENSG00000142208,85.08,75.81
ENSG00000170779,1.884,0.8874
ENSG00000182979,13.59,16.65
ENSG00000128739,8.905,7.142
ENSG00000273173,17.9,14.36
ENSG00000166206,0.3057,0.2159
ENSG00000104067,45.47,54.44
ENSG00000137801,2.27,1.185
ENSG00000104081,3.098,2.736
ENSG00000137843,0.3291,0.2325
ENSG00000128944,18.91,20.3
ENSG00000128917,1.459,0.7926
ENSG00000128965,1.264,1.876
ENSG00000187446,66.99,69.51
ENSG00000104147,0.9329,2.197
ENSG00000137804,27.11,18.6
ENSG00000137822,0.5527,0.781
ENSG00000067369,0.3279,0.4633
ENSG00000166710,5124.0,5270.0
ENSG00000137767,13.42,19.25
ENSG00000140285,3.467,3.572
ENSG00000140284,68.0,68.37
ENSG00000104064,9.998,9.535
ENSG00000069966,0.3607,0.1853
ENSG00000128989,19.91,20.77
ENSG00000169856,14.47,9.527
ENSG00000137876,76.51,89.7
ENSG00000069974,15.38,27.48
ENSG00000069943,11.24,13.37
ENSG00000103569,94.86,99.75
ENSG00000137845,26.9,32.02
ENSG00000157456,2.067,2.19
ENSG00000140297,1.48,0.5504
ENSG00000140307,10.0,12.19
ENSG00000182718,1168.0,1413.0
ENSG00000140416,23.29,30.04
ENSG00000185088,25.1,44.18
ENSG00000166797,67.23,65.89
ENSG00000186198,2.525,3.171
ENSG00000166855,53.49,53.82
ENSG00000074696,34.01,22.28
ENSG00000075131,6.933,7.576
ENSG00000174444,1185.0,1220.0
ENSG00000174442,9.726,10.1
ENSG00000166949,26.51,23.22
ENSG00000137764,2.176,1.286
ENSG00000137807,6.104,4.107
ENSG00000213614,0.1519,0.1073
ENSG00000140459,9.626,11.26
ENSG00000140465,18.16,47.78
ENSG00000140505,4.295,4.335
ENSG00000178802,0.4574,0.09233
ENSG00000140367,11.63,23.18
ENSG00000167196,3.704,3.177
ENSG00000140374,892.7,782.5
ENSG00000140391,2.18,1.112
ENSG00000166411,65.39,65.85
ENSG00000140395,12.37,5.892
ENSG00000041357,76.76,92.64
ENSG00000185787,13.52,13.16
ENSG00000140379,63.45,68.86
ENSG00000103876,133.3,80.74
ENSG00000172379,0.2946,1.082
ENSG00000183496,1.355,3.988
ENSG00000103942,3.28,4.019
ENSG00000166503,0.6183,0.1048
ENSG00000140612,474.2,532.2
ENSG00000181026,6.853,3.116
ENSG00000172183,1.439,2.287
ENSG00000140525,2.031,0.7727
ENSG00000166819,2.873,2.399
ENSG00000166821,2.413,4.613
ENSG00000185033,15.03,16.25
ENSG00000185043,116.3,157.6
ENSG00000182768,43.01,56.46
ENSG00000140575,51.83,50.47
ENSG00000140564,23.05,22.39
ENSG00000198901,1.234,1.569
ENSG00000185551,14.71,9.258
ENSG00000140450,256.1,254.7
ENSG00000140443,0.2581,0.5268
ENSG00000131871,2.993,3.436
ENSG00000086506,8.736,2.057
ENSG00000103126,0.1487,0.07002
ENSG00000103266,13.72,6.081
ENSG00000103260,11.8,9.155
ENSG00000103245,13.07,20.96
ENSG00000197253,0.3299,0.9324
ENSG00000172236,0.3297,0.9316
ENSG00000206053,6.97,4.85
ENSG00000140988,145.6,127.6
ENSG00000167969,495.8,480.8
ENSG00000205937,45.66,60.83
ENSG00000162063,1.817,0.7704
ENSG00000162066,20.53,12.93
ENSG00000167977,6.948,10.26
ENSG00000103313,0.4877,1.654
ENSG00000213918,0.7099,0.9473
ENSG00000126602,3.025,4.037
ENSG00000005339,2.089,1.905
ENSG00000103423,10.43,7.469
ENSG00000140650,18.45,7.517
ENSG00000187555,11.95,14.61
ENSG00000179583,0.07739,0.02734
ENSG00000103222,5.938,6.667
ENSG00000170537,0.5916,0.4179
ENSG00000103540,2.777,3.089
ENSG00000102897,65.65,61.72
ENSG00000140749,240.2,233.0
ENSG00000103319,1.287,1.818
ENSG00000168434,1.998,1.569
ENSG00000077238,5.176,8.66
ENSG00000205609,5.054,5.813
ENSG00000197165,0.2527,0.7141
ENSG00000196502,24.41,26.95
ENSG00000184110,4.92,5.591
ENSG00000213658,7.349,4.903
ENSG00000213648,26.14,29.16
ENSG00000013364,39.82,41.59
ENSG00000285043,164.9,135.0
ENSG00000149925,110.4,90.31
ENSG00000102882,116.4,132.2
ENSG00000102879,6.731,5.853
ENSG00000261052,26.06,29.07
ENSG00000005844,13.22,13.89
ENSG00000103496,73.01,72.49
ENSG00000052344,46.87,41.09
ENSG00000171241,0.431,0.174
ENSG00000129636,35.92,30.33
ENSG00000102893,5.738,7.535
ENSG00000087245,5.163,10.48
ENSG00000198848,1409.0,1308.0
ENSG00000167005,3.325,7.17
ENSG00000125148,16450.0,16080.0
ENSG00000169715,911.5,1781.0
ENSG00000205364,2045.0,2071.0
ENSG00000205362,128.1,131.7
ENSG00000198417,164.7,115.8
ENSG00000125144,210700.0,219800.0
ENSG00000205358,3145.0,3835.0
ENSG00000187193,497.6,610.3
ENSG00000102900,0.2963,0.6579
ENSG00000051108,118.4,104.9
ENSG00000140853,0.1489,0.1403
ENSG00000102962,21.21,4.468
ENSG00000005194,2.466,4.231
ENSG00000182885,0.2178,0.1539
ENSG00000070770,6.842,12.95
ENSG00000181938,3.484,1.641
ENSG00000166595,532.2,624.8
ENSG00000172831,38.8,28.97
ENSG00000102974,4.842,5.026
ENSG00000102977,5.86,1.035
ENSG00000168286,0.8196,0.2895
ENSG00000205220,2.754,0.5559
ENSG00000072736,7.309,7.329
ENSG00000103067,8.643,7.564
ENSG00000103066,2.612,4.273
ENSG00000039068,38.22,38.41
ENSG00000181019,47.72,22.4
ENSG00000090861,48.45,50.95
ENSG00000103051,27.39,22.98
ENSG00000140830,52.9,54.01
ENSG00000257017,960.6,906.5
ENSG00000261701,807.6,905.4
ENSG00000065457,0.6485,0.1833
ENSG00000166848,104.8,120.5
ENSG00000166454,16.24,12.11
ENSG00000140943,3.486,1.232
ENSG00000140968,12.95,10.54
ENSG00000103257,4.584,7.793
ENSG00000167513,1.443,0.4077
ENSG00000167695,3.719,0.9553
ENSG00000167699,4.729,8.353
ENSG00000177370,1.45,1.536
ENSG00000167193,9.684,8.041
ENSG00000174238,42.19,43.74
ENSG00000007168,47.64,35.86
ENSG00000083457,2.877,4.16
ENSG00000132388,59.83,59.24
ENSG00000142507,451.8,438.5
ENSG00000108523,379.1,420.8
ENSG00000108518,2132.0,2195.0
ENSG00000091640,18.47,18.64
ENSG00000108559,16.32,13.92
ENSG00000108561,278.2,212.8
ENSG00000198920,3.579,2.9
ENSG00000141485,9.055,8.881
ENSG00000132530,6.695,9.816
ENSG00000072778,318.7,229.0
ENSG00000181885,46.82,47.03
ENSG00000187838,2.373,3.657
ENSG00000239697,51.14,45.03
ENSG00000161955,15.03,11.93
ENSG00000141510,3.474,4.032
ENSG00000220205,6.154,4.453
ENSG00000178999,3.257,1.534
ENSG00000161970,18.71,28.84
ENSG00000065559,23.63,23.13
ENSG00000006744,4.126,1.855
ENSG00000170315,1183.0,1308.0
ENSG00000142494,24.37,27.98
ENSG00000072210,197.6,189.7
ENSG00000124422,51.63,42.5
ENSG00000109084,241.7,298.5
ENSG00000109072,1125.0,1009.0
ENSG00000109107,23.46,25.01
ENSG00000076382,8.427,6.599
ENSG00000007202,23.35,19.44
ENSG00000196535,0.4453,0.4195
ENSG00000108578,8.83,4.708
ENSG00000185862,92.03,96.75
ENSG00000178691,33.68,30.92
ENSG00000176749,0.7446,0.9469
ENSG00000108691,148.4,151.7
ENSG00000108700,12.04,11.97
ENSG00000172123,0.213,0.2006
ENSG00000006125,2.933,0.746
ENSG00000276409,7.912,4.119
ENSG00000275718,5.883,0.9236
ENSG00000277632,262.2,135.1
ENSG00000275302,145.6,64.18
ENSG00000276085,0.9805,0.6927
ENSG00000275700,22.37,29.24
ENSG00000276023,10.11,11.99
ENSG00000277791,242.6,249.5
ENSG00000276293,0.3821,0.45
ENSG00000108298,955.0,1082.0
ENSG00000125686,22.01,22.31
ENSG00000141736,28.44,29.97
ENSG00000141738,0.4316,1.423
ENSG00000073605,28.05,15.61
ENSG00000172057,117.3,176.1
ENSG00000108344,8.056,10.12
ENSG00000008838,20.95,21.06
ENSG00000126368,14.03,5.989
ENSG00000108349,1.429,1.767
ENSG00000171475,4.875,4.616
ENSG00000094804,3.903,0.5745
ENSG00000131759,9.609,13.58
ENSG00000131747,0.5941,0.4663
ENSG00000141753,125.0,169.9
ENSG00000171345,5.807,5.861
ENSG00000131473,21.43,36.37
ENSG00000173757,23.86,22.98
ENSG00000168610,1.363,1.712
ENSG00000068120,43.41,46.01
ENSG00000131462,66.49,72.85
ENSG00000126581,45.6,48.32
ENSG00000131467,4.739,9.523
ENSG00000131469,277.2,282.4
ENSG00000108828,8.118,16.9
ENSG00000012048,1.539,0.3749
ENSG00000108861,115.9,124.5
ENSG00000030582,41.74,43.74
ENSG00000186566,0.6104,1.469
ENSG00000136448,11.08,12.13
ENSG00000225190,2.791,1.368
ENSG00000186868,1.78,1.981
ENSG00000167183,3.752,0.3314
ENSG00000002919,0.6112,1.295
ENSG00000121073,46.07,51.35
ENSG00000108821,3.043,2.013
ENSG00000108846,78.82,83.27
ENSG00000239672,495.1,540.5
ENSG00000121058,26.56,32.78
ENSG00000153944,1.585,1.634
ENSG00000108384,2.79,3.263
ENSG00000141367,141.7,154.1
ENSG00000062725,22.75,26.0
ENSG00000170836,0.4721,0.3335
ENSG00000136492,0.1279,0.1355
ENSG00000087995,2.737,4.082
ENSG00000146872,0.9829,0.9502
ENSG00000008283,6.457,4.482
ENSG00000159640,11.41,14.42
ENSG00000198231,1.941,2.853
ENSG00000108604,40.16,30.61
ENSG00000261371,22.9,26.89
ENSG00000271605,2.723,1.332
ENSG00000256525,6.317,3.09
ENSG00000154229,2.077,1.141
ENSG00000197170,57.48,65.64
ENSG00000130935,13.3,11.24
ENSG00000196704,11.19,10.49
ENSG00000141337,1.834,3.349
ENSG00000108946,355.1,444.5
ENSG00000070540,1.378,1.704
ENSG00000108950,10.5,13.98
ENSG00000154262,0.3509,0.425
ENSG00000161509,0.3168,0.06394
ENSG00000167862,81.01,57.48
ENSG00000125450,3.986,5.033
ENSG00000161533,100.7,94.13
ENSG00000070731,4.295,5.31
ENSG00000070495,13.3,12.71
ENSG00000161547,139.3,102.5
ENSG00000167900,5.899,3.527
ENSG00000089685,0.9582,0.1934
ENSG00000108669,0.6696,0.7569
ENSG00000035862,4.315,2.528
ENSG00000171302,9.094,9.257
ENSG00000171298,11.76,12.52
ENSG00000176108,28.0,18.22
ENSG00000262814,344.0,317.0
ENSG00000185624,10.46,11.6
ENSG00000169733,42.87,33.17
ENSG00000169727,127.7,133.6
ENSG00000169710,175.9,180.1
ENSG00000101557,90.84,112.9
ENSG00000176890,114.5,105.1
ENSG00000132199,0.1001,0.1414
ENSG00000080986,0.904,1.533
ENSG00000101608,7.302,6.632
ENSG00000178127,236.7,252.9
ENSG00000168461,21.92,12.42
ENSG00000176014,11.84,5.579
ENSG00000101654,4.095,2.854
ENSG00000141448,25.75,33.22
ENSG00000141458,1.079,1.888
ENSG00000053747,0.9069,1.41
ENSG00000170558,103.6,123.9
ENSG00000134757,0.5502,0.2915
ENSG00000046604,8.54,8.931
ENSG00000118271,145900.0,116700.0
ENSG00000078142,6.323,5.272
ENSG00000152240,13.14,20.51
ENSG00000265681,98.93,85.42
ENSG00000154839,0.3985,0.3753
ENSG00000082212,11.8,12.94
ENSG00000141646,2.366,2.786
ENSG00000091157,3.473,4.369
ENSG00000172175,10.16,7.629
ENSG00000119541,7.365,8.068
ENSG00000133313,0.1939,0.8218
ENSG00000180448,0.4576,0.2155
ENSG00000099817,3.943,3.774
ENSG00000167468,1115.0,1199.0
ENSG00000099622,10.1,7.822
ENSG00000104886,14.08,17.9
ENSG00000099860,25.56,19.58
ENSG00000186300,3.639,4.828
ENSG00000088256,1.009,0.7777
ENSG00000060558,3.044,4.779
ENSG00000064961,6.428,13.49
ENSG00000167658,915.5,910.8
ENSG00000178078,166.9,149.0
ENSG00000130255,296.2,379.8
ENSG00000125730,1073.0,964.9
ENSG00000090674,21.58,26.32
ENSG00000076944,27.79,21.55
ENSG00000183019,6.759,14.95
ENSG00000066044,1.524,0.4485
ENSG00000167775,37.73,57.21
ENSG00000133246,3.039,1.582
ENSG00000127452,10.4,11.57
ENSG00000127445,39.46,46.98
ENSG00000130816,0.3638,0.9252
ENSG00000090339,18.14,28.56
ENSG00000079999,17.24,22.57
ENSG00000129354,0.9624,0.5439
ENSG00000127616,15.17,16.58
ENSG00000130164,27.72,32.06
ENSG00000104774,81.71,70.69
ENSG00000171223,2.52,1.781
ENSG00000167815,1031.0,980.5
ENSG00000104889,0.7616,1.076
ENSG00000179218,1446.0,1164.0
ENSG00000160888,59.57,83.4
ENSG00000072062,38.63,25.94
ENSG00000105011,6.145,1.929
ENSG00000123146,14.53,8.865
ENSG00000160951,1.904,2.306
ENSG00000132002,0.6675,1.482
ENSG00000074181,0.2657,0.6883
ENSG00000105127,29.16,23.86
ENSG00000011243,0.1735,0.9808
ENSG00000186529,5.47,3.182
ENSG00000186115,264.9,274.9
ENSG00000105072,4.254,4.884
ENSG00000085872,4.528,5.198
ENSG00000160113,10.87,24.08
ENSG00000130304,8.588,5.933
ENSG00000130475,0.8563,1.21
ENSG00000096996,0.3711,0.2622
ENSG00000216490,2690.0,2455.0
ENSG00000105650,0.3751,0.7067
ENSG00000130513,152.0,162.1
ENSG00000221983,366.2,370.3
ENSG00000186010,706.0,691.1
ENSG00000064547,1.82,1.286
ENSG00000197124,0.4196,0.2965
ENSG00000288920,1.032,0.9378
ENSG00000169021,48.08,42.77
ENSG00000105171,10.98,8.712
ENSG00000245848,391.4,424.4
ENSG00000166398,5.577,5.687
ENSG00000105220,34.88,50.75
ENSG00000105707,828.7,796.7
ENSG00000105699,19.4,23.36
ENSG00000126267,203.2,266.0
ENSG00000205155,39.33,36.24
ENSG00000126264,283.1,262.0
ENSG00000011600,1074.0,976.6
ENSG00000105258,0.8677,1.226
ENSG00000254004,0.2366,0.3343
ENSG00000197050,0.4907,1.135
ENSG00000099341,195.1,140.5
ENSG00000178982,448.6,516.4
ENSG00000104823,190.4,209.8
ENSG00000104825,10.76,10.07
ENSG00000130669,2.765,1.328
ENSG00000130755,31.3,39.8
ENSG00000006712,2.71,11.01
ENSG00000128016,2.2,1.865
ENSG00000105202,19.2,19.52
ENSG00000197019,29.14,23.98
ENSG00000086544,28.92,32.19
ENSG00000077312,52.67,35.72
ENSG00000255974,1014.0,1686.0
ENSG00000198077,1.087,1.355
ENSG00000197408,123.9,116.4
ENSG00000197838,0.6552,1.851
ENSG00000077348,1.926,5.442
ENSG00000079462,71.76,66.57
ENSG00000073008,49.17,53.79
ENSG00000130203,2008.0,1736.0
ENSG00000130208,21480.0,22070.0
ENSG00000104856,15.54,8.833
ENSG00000125744,2.197,2.388
ENSG00000160014,10.88,12.3
ENSG00000105327,45.78,39.77
ENSG00000197405,8.367,6.259
ENSG00000178980,366.1,510.1
ENSG00000105398,962.3,834.3
ENSG00000105486,2.228,1.282
ENSG00000174951,0.5415,1.148
ENSG00000105550,4.28,7.257
ENSG00000105552,1.927,0.7426
ENSG00000087088,460.3,421.9
ENSG00000104894,33.27,37.56
ENSG00000104872,6.843,11.6
ENSG00000142541,87.88,97.95
ENSG00000142546,41.56,56.75
ENSG00000039650,59.95,50.2
ENSG00000213024,11.66,9.601
ENSG00000169136,291.9,306.1
ENSG00000131408,78.91,81.82
ENSG00000167751,0.9096,0.3672
ENSG00000105379,282.1,305.0
ENSG00000171051,2.147,2.482
ENSG00000105568,25.82,24.97
ENSG00000125505,3.217,2.598
ENSG00000131042,0.8509,2.061
ENSG00000108107,301.0,326.3
ENSG00000152433,0.2684,0.1896
ENSG00000256060,1.033,0.73
ENSG00000083828,5.588,0.4785
ENSG00000198466,17.14,10.25
ENSG00000171606,16.72,16.09
ENSG00000083845,892.7,684.6
ENSG00000101255,100.3,151.0
ENSG00000271303,4.105,4.297
ENSG00000125818,19.84,18.53
ENSG00000088832,9.239,12.24
ENSG00000125835,4.618,5.019
ENSG00000101361,100.4,118.0
ENSG00000101200,1.431,1.769
ENSG00000215251,9.603,11.08
ENSG00000101224,5.894,6.837
ENSG00000132646,1.648,1.165
ENSG00000132639,1.875,0.3532
ENSG00000173418,24.32,10.79
ENSG00000088930,38.15,37.55
ENSG00000170373,1.517,29.3
ENSG00000101003,0.9472,0.2677
ENSG00000125968,6.291,10.22
ENSG00000171552,157.4,184.9
ENSG00000088325,5.027,2.78
ENSG00000101336,20.1,19.1
ENSG00000125977,57.16,57.01
ENSG00000101444,45.78,30.07
ENSG00000101460,287.5,331.8
ENSG00000101000,3.456,5.258
ENSG00000061656,8.013,15.65
ENSG00000171222,21.89,24.82
ENSG00000101335,7.864,4.289
ENSG00000197122,1.585,2.357
ENSG00000166619,1.181,1.82
ENSG00000053438,0.3053,0.4314
ENSG00000101447,1.475,1.515
ENSG00000132793,1.356,0.9079
ENSG00000183798,1.926,1.289
ENSG00000101049,43.27,24.19
ENSG00000101057,1.384,0.3911
ENSG00000101076,15.12,14.44
ENSG00000168734,1.608,0.2525
ENSG00000166913,103.1,94.19
ENSG00000025772,11.72,17.63
ENSG00000244274,9.301,8.363
ENSG00000100985,350.6,224.4
ENSG00000101017,5.073,7.923
ENSG00000124151,6.927,4.622
ENSG00000158470,1.465,6.441
ENSG00000172216,90.81,76.26
ENSG00000196396,1.997,1.747
ENSG00000087586,0.8825,0.5344
ENSG00000101146,26.87,27.24
ENSG00000124164,2.735,3.119
ENSG00000215440,7.917,5.479
ENSG00000087460,258.3,265.5
ENSG00000101166,79.24,88.31
ENSG00000101182,244.1,251.8
ENSG00000101190,0.07619,0.1077
ENSG00000149658,10.58,16.59
ENSG00000101204,6.302,5.447
ENSG00000101150,4.004,6.789
ENSG00000171703,5.509,3.075
ENSG00000180530,8.893,7.602
ENSG00000154723,8.89,5.981
ENSG00000142192,180.4,277.0
ENSG00000156299,2.823,4.099
ENSG00000142168,3714.0,4337.0
ENSG00000142166,25.85,25.36
ENSG00000243927,382.7,369.3
ENSG00000159228,490.1,494.4
ENSG00000159231,1.076,2.28
ENSG00000185808,0.8308,2.739
ENSG00000183527,50.61,72.04
ENSG00000182093,9.167,12.82
ENSG00000182240,0.8528,0.241
ENSG00000157601,5.727,12.56
ENSG00000157617,3.158,3.363
ENSG00000160179,0.3686,0.8995
ENSG00000160182,14.84,3.312
ENSG00000160185,1.031,0.1942
ENSG00000160194,54.96,71.87
ENSG00000234289,79.01,39.54
ENSG00000160208,4.315,7.914
ENSG00000141959,18.67,15.75
ENSG00000160255,26.59,21.86
ENSG00000160285,0.4551,0.2143
ENSG00000160307,9.03,0.4253
ENSG00000099968,45.93,54.94
ENSG00000015475,51.73,39.41
ENSG00000184979,26.07,39.53
ENSG00000185608,9.18,8.555
ENSG00000184113,2.326,0.4694
ENSG00000184702,0.3194,1.579
ENSG00000184470,31.71,29.69
ENSG00000093010,99.8,98.76
ENSG00000241973,6.712,8.019
ENSG00000099942,24.32,27.25
ENSG00000100030,12.26,14.83
ENSG00000100121,29.54,25.61
ENSG00000240972,205.6,177.5
ENSG00000128271,0.1316,0.372
ENSG00000100028,109.5,114.5
ENSG00000100031,13.6,11.82
ENSG00000183765,8.742,3.134
ENSG00000100285,1.418,0.4293
ENSG00000184117,6.492,0.8094
ENSG00000100225,173.6,207.7
ENSG00000100234,61.24,13.46
ENSG00000100292,149.1,140.8
ENSG00000100353,28.7,23.49
ENSG00000100365,18.5,8.795
ENSG00000100368,3.016,2.95
ENSG00000128311,1202.0,1304.0
ENSG00000128340,70.2,26.69
ENSG00000189060,88.75,66.9
ENSG00000100139,0.1993,0.1878
ENSG00000185022,20.81,18.24
ENSG00000213923,0.1318,0.5587
ENSG00000239713,0.3079,0.29
ENSG00000100311,2.337,2.153
ENSG00000100316,1200.0,1321.0
ENSG00000128272,34.17,39.49
ENSG00000239900,0.6177,1.2
ENSG00000100387,6.905,3.717
ENSG00000100393,20.45,17.07
ENSG00000100410,62.05,68.08
ENSG00000100197,146.2,113.5
ENSG00000241484,12.03,9.445
ENSG00000186951,17.75,20.5
ENSG00000100422,0.08564,0.121
ENSG00000184164,55.59,49.58
ENSG00000188130,18.97,26.51
ENSG00000169100,47.81,51.28
ENSG00000157399,10.36,7.885
ENSG00000101825,0.07841,0.1108
ENSG00000183943,1.764,1.602
ENSG00000196664,0.6146,1.954
ENSG00000101916,0.1705,0.2409
ENSG00000165197,0.3716,0.2625
ENSG00000130234,1.336,0.111
ENSG00000173674,27.78,29.41
ENSG00000130066,3399.0,3014.0
ENSG00000169297,1.272,0.8987
ENSG00000165168,38.65,51.06
ENSG00000165169,130.1,162.3
ENSG00000101955,11.21,4.096
ENSG00000147044,2.939,5.872
ENSG00000189221,56.12,60.42
ENSG00000069535,8.884,13.85
ENSG00000102265,34.03,32.16
ENSG00000147155,799.2,1053.0
ENSG00000101945,2.517,1.245
ENSG00000094631,53.43,53.4
ENSG00000126768,5.591,19.26
ENSG00000243279,52.16,38.79
ENSG00000102007,89.91,81.24
ENSG00000012211,34.64,31.3
ENSG00000224659,0.6732,0.9511
ENSG00000274274,0.7079,1.0
ENSG00000236362,0.6428,0.9082
ENSG00000215269,0.6779,0.9579
ENSG00000189064,0.7092,1.002
ENSG00000072501,1.006,1.203
ENSG00000072506,70.25,50.19
ENSG00000188021,55.1,42.9
ENSG00000131089,3.109,3.839
ENSG00000184675,2.149,1.615
ENSG00000155659,1.929,2.725
ENSG00000169083,3.068,2.211
ENSG00000079482,0.1816,0.6158
ENSG00000184481,7.989,13.8
ENSG00000147168,12.28,3.894
ENSG00000067177,1.729,1.145
ENSG00000102144,351.2,379.9
ENSG00000000003,0.8574,2.302
ENSG00000010671,4.968,4.211
ENSG00000241343,6.566,9.278
ENSG00000185222,131.2,182.8
ENSG00000166681,437.9,443.8
ENSG00000133142,133.1,171.5
ENSG00000123562,156.6,134.3
ENSG00000157514,16.07,20.18
ENSG00000101843,38.83,41.41
ENSG00000268104,0.08474,0.3592
ENSG00000131724,36.83,35.17
ENSG00000101856,414.6,318.7
ENSG00000005022,909.9,836.1
ENSG00000077721,6.709,17.74
ENSG00000125356,1714.0,1691.0
ENSG00000101966,1.379,1.445
ENSG00000122122,22.01,28.59
ENSG00000156697,5.439,3.477
ENSG00000156709,97.92,108.7
ENSG00000102078,1.405,0.7938
ENSG00000165704,38.85,41.66
ENSG00000102241,41.14,50.13
ENSG00000101974,1.152,1.061
ENSG00000269556,17.98,22.97
ENSG00000147383,12.74,17.75
ENSG00000130821,1.623,1.079
ENSG00000198910,0.7378,0.2085
ENSG00000196924,32.47,31.78
ENSG00000071553,115.2,105.8
ENSG00000196976,40.91,28.61
ENSG00000160211,3.077,6.522
ENSG00000269335,9.181,14.51
ENSG00000155959,6.582,8.237
ENSG00000124333,74.85,73.59
ENSG00000129824,80.5,105.1
ENSG00000114374,1.45,1.078
ENSG00000067048,7.442,7.638
ENSG00000012817,9.391,7.573
ENSG00000198692,9.856,8.123
