,sample_1,sample_2,sample_3,sample_4,sample_5
ENSG00000000419,2.0,2.0,2.0,2.0,2.0
ENSG00000002549,1.9616829451540196,2.6672694394213385,2.558706749858196,2.5662100456621006,2.7486737400530505
ENSG00000004455,0.48125027632036027,0.8220013395741027,0.8985442038877154,0.5209750824259143,0.8636926725747777
ENSG00000004478,0.010678391959798991,0.038260937256733615,0.02201399864529239,0.020998864926220204,0.034947089184279564
ENSG00000004779,1.0,1.0,1.0,1.0,1.0
ENSG00000004864,3.0,3.0,3.0,3.0,3.0
ENSG00000004961,1.0,1.0,1.0,1.0,1.0
ENSG00000005022,0.03447607691161127,0.460678531701891,0.34236826165960016,0.5842008573178199,0.4935364405003145
ENSG00000005075,2.0,2.0,2.0,2.0,2.0
ENSG00000005339,0.029280895650925804,0.0173864273696018,0.08498825539184279,0.050511508951406645,0.027571115973741806
ENSG00000005469,12.337477797513321,12.855813953488372,12.426605504587156,12.359477124183007,12.299539170506913
ENSG00000005810,0.014443003132217554,0.0015444993037093306,0.02188081936685287,0.009822457920221362,0.002197052918671163
ENSG00000005882,0.21590909090909094,0.7506775067750677,0.5532786885245902,0.8216833095577747,0.7839549612948629
ENSG00000006007,1.0,1.0,1.0,1.0,1.0
ENSG00000006625,4.0,4.0,4.0,4.0,4.0
ENSG00000006695,3.5235247208931417,3.5881226053639845,3.0616740088105727,3.1808278867102397,3.2524752475247523
ENSG00000006757,6.81412188180144,5.552695537029472,1.2957571602362847,4.716146290421119,5.694704297475199
ENSG00000007168,1.581135091926459,0.3415409054805401,0.8830860534124628,0.6125244618395302,0.5321756894790602
ENSG00000007541,0.08576998050682261,0.06950672645739911,0.4950980392156863,0.22986247544204322,0.23452768729641696
ENSG00000008130,1.0,1.0,1.0,1.0,1.0
ENSG00000009335,0.0059480494827095255,0.0023294087859222676,0.005563314711359406,0.009107678118515108,0.0033523997121103085
ENSG00000009413,0.2571592210767468,0.02460317460317461,0.3015960374243259,0.10638297872340423,0.11356045424181695
ENSG00000010256,1.0,1.0,1.0,1.0,1.0
ENSG00000010404,3.0,3.0,3.0,3.0,3.0
ENSG00000011009,0.14953271028037385,0.2740157480314961,0.43824701195219123,0.28228228228228225,0.5345043914680051
ENSG00000011198,3.399719495091163,3.68922305764411,3.3007985803016853,1.2030075187969926,2.5504439063761097
ENSG00000011275,0.00569494099408359,0.0015444993037093306,0.006331471135940408,0.002905234032741528,0.0017803704685783555
ENSG00000011405,5.0,5.0,5.0,5.0,5.0
ENSG00000012232,4.560830860534125,4.5,4.431034482758621,4.373493975903615,4.217054263565892
ENSG00000012660,48.31113788047715,32.18822936781127,29.572831050228295,45.39868756131409,38.13972386587774
ENSG00000012963,0.004318663587180057,0.0015444993037093306,0.0027001862197392904,0.002144339405118747,0.0015152089094283877
ENSG00000013375,1.0,1.0,1.0,1.0,1.0
ENSG00000013392,1.0,1.0,1.0,1.0,1.0
ENSG00000013503,2.0,2.0,2.0,2.0,2.0
ENSG00000013561,0.010678014363906725,0.012457273072540843,0.004027001862197394,0.006778879409730234,0.009394295238456002
ENSG00000014641,2.0,2.0,2.0,2.0,2.0
ENSG00000016864,0.3769423558897243,0.39739413680781743,0.38879456706281834,0.4885111740635821,0.32925472747497225
ENSG00000017260,0.024503029658764754,0.5,0.35668789808917195,0.18906605922551253,0.4579710144927536
ENSG00000017797,2.0,2.0,2.0,2.0,2.0
ENSG00000018510,1.0,1.0,1.0,1.0,1.0
ENSG00000023041,0.0636423405654175,0.07453249024619935,0.05283867341202924,0.06835482367562529,0.0720204603580563
ENSG00000023228,1.0,1.0,1.0,1.0,1.0
ENSG00000023330,3.0,3.0,3.0,3.0,3.0
ENSG00000023572,0.3606973058637084,0.0194282103933028,0.34952978056426337,0.14388243335611756,0.06548757170172084
ENSG00000023697,1.0,1.0,1.0,1.0,1.0
ENSG00000023909,1.0,1.0,1.0,1.0,1.0
ENSG00000024048,0.008447495807890658,0.003899227750348149,0.006401303538175046,0.006917223887479822,0.002007651804992612
ENSG00000025708,1.0,1.0,1.0,1.0,1.0
ENSG00000025800,0.5373665480427046,0.6648648648648648,0.5743944636678201,0.6557377049180327,0.5717255717255718
ENSG00000027847,1.1443609022556391,1.3973941368078173,1.2529711375212225,1.2001888574126536,1.3559510567296997
ENSG00000030066,1.0763827919227391,1.0288104089219332,1.0467050543825975,1.0403041825095056,1.033637000700771
ENSG00000031698,1.0,1.0,1.0,1.0,1.0
ENSG00000033100,0.4307692307692308,0.5767441860465117,0.527736131934033,0.49523809523809526,0.6041666666666666
ENSG00000033178,0.002499446325181132,0.0007849094822129382,0.007774674115456239,0.005187917915609871,0.0030872381529603392
ENSG00000033627,0.09699740693378268,0.007329533818155636,0.07688282874236248,0.08411020139434146,0.06307434723379944
ENSG00000033867,3.0,3.0,3.0,3.0,3.0
ENSG00000034677,0.00896953206568165,0.0031143182681352107,0.013850093109869637,0.008692644685266315,0.011894389939012833
ENSG00000035687,1.0,1.0,1.0,1.0,1.0
ENSG00000038002,4.0,4.0,4.0,4.0,4.0
ENSG00000038210,0.31007751937984496,0.4025974025974026,0.6770428015564202,1.5175438596491229,1.1301775147928996
ENSG00000038274,1.7544378698224852,1.523219814241486,0.5590152063721942,1.1735015772870663,0.9028896257697774
ENSG00000039123,0.04184139409188333,0.012019858897308595,0.06073521576984551,0.07719196038450335,0.018538713195201745
ENSG00000039650,1.0,1.0,1.0,1.0,1.0
ENSG00000040933,3.0,3.0,3.0,3.0,3.0
ENSG00000043514,1.0,1.0,1.0,1.0,1.0
ENSG00000047249,0.13072203869749882,0.22465818010372468,0.09256265157639453,0.05834305717619603,0.1232938017453569
ENSG00000047315,2.0,2.0,2.0,2.0,2.0
ENSG00000047410,1.0,1.0,1.0,1.0,1.0
ENSG00000048392,3.5,3.5,3.5,3.5,3.5
ENSG00000049759,0.008020375233334388,0.003899227750348149,0.004189944134078211,0.010306663592344945,0.018428728360922766
ENSG00000049860,43.8311105005389,25.376225596529302,35.14411864783098,40.89914075727078,34.96394284753465
ENSG00000051382,1.221324717285945,1.4959349593495934,0.5995203836930455,0.991549295774648,1.2117962466487937
ENSG00000052802,14.0,14.0,14.0,14.0,14.0
ENSG00000053371,4.21602787456446,5.908799605619916,4.826114249843063,4.976003801377999,5.288968454842891
ENSG00000054148,4.170773262571001,3.927978396834742,1.810361408265667,2.493775632950523,3.542260670259449
ENSG00000054267,0.412280701754386,0.1762452107279693,0.8597650513950074,0.5751633986928103,0.33168316831683164
ENSG00000055483,0.007965242577842141,0.0054519873373197305,0.035125367065733,0.015493634398270473,0.005883197015353707
ENSG00000055609,0.3428908347759558,0.2507946743561911,0.37853018693634505,0.3410451525637528,0.24097842044368345
ENSG00000058600,2.0,2.0,2.0,2.0,2.0
ENSG00000060762,1.5,1.5,1.4230769230769231,1.3802723347725008,1.3940316686967114
ENSG00000060971,131.27262016292408,136.38530098950991,136.36061075692265,141.45758196036212,139.9891204465343
ENSG00000062485,1.0,1.0,1.0,1.0,1.0
ENSG00000063176,2.329411764705882,2.1260162601626016,2.8840579710144927,3.3553113553113554,2.8269662921348315
ENSG00000063854,2.0,2.0,2.0,2.0,2.0
ENSG00000064601,32.095759581009524,34.36330657452282,32.92800249126374,32.886436641165126,35.61902943712323
ENSG00000065154,1.0,1.0,1.0,1.0,1.0
ENSG00000065427,1.0,1.0,1.0,1.0,1.0
ENSG00000065518,1.0,1.0,1.0,1.0,1.0
ENSG00000065534,1.0,1.0,1.0,1.0,1.0
ENSG00000065615,0.060984570168993384,0.17624521072796936,0.03938053097345132,0.04252916823485133,0.1453924914675768
ENSG00000065621,0.06609696772337822,1.569158858300186,0.29253461491470567,0.09395171805286157,0.4108018328313426
ENSG00000066322,43.8810975609756,60.25581395348834,62.850000000000016,47.10619469026548,54.313609467455606
ENSG00000066379,2.0,2.0,2.0,2.0,2.0
ENSG00000066651,0.7821011673151751,0.39869281045751637,0.42028985507246375,0.7391304347826086,0.6744791666666666
ENSG00000067057,1.0701178288584121,0.8698727015558698,1.7433155080213902,0.03021148036253777,0.24842767295597484
ENSG00000067064,2.0,2.0,2.0,2.0,2.0
ENSG00000067113,1.840088229201824,1.8488169157924494,10.085297725941683,3.540158289194874,4.504970064919621
ENSG00000067225,7.0,7.0,7.0,7.0,7.0
ENSG00000067829,3.620305980528511,6.208103130755064,2.2473222979552094,1.9081225033288942,4.4479503105590075
ENSG00000067992,0.7840909090909091,0.24932249322493225,0.4467213114754099,0.1783166904422254,0.21604503870513722
ENSG00000068001,0.48072463217123523,0.6616052060737526,3.7086771115301658,0.42674573419262085,0.3155107225568161
ENSG00000068120,4.0,4.0,4.0,4.0,4.0
ENSG00000068308,0.003922278542119235,0.0054519873373197305,0.021911000677659807,0.022940187364881095,0.028555029415985072
ENSG00000068366,30.090926160983024,80.76783188522937,50.397989765048386,4.536623803128408,17.81679652517022
ENSG00000068650,15.0,15.0,15.0,15.0,15.0
ENSG00000068745,0.6868686868686869,3.429457364341085,1.8892655367231637,1.85278276481149,2.6424759871931696
ENSG00000068903,0.5065963060686015,0.44010416666666674,0.3906666666666665,0.26180257510729615,0.35294117647058837
ENSG00000069248,1.0763827919227391,1.0288104089219332,1.0467050543825975,1.0403041825095056,1.033637000700771
ENSG00000069849,3.813027165152058e-06,6.596972288781346e-09,0.0012933001700320215,2.4772990586580434e-08,4.238680856355053e-08
ENSG00000070214,0.247887323943662,0.3369565217391305,0.4722753346080306,0.9873595505617977,0.8905660377358491
ENSG00000070423,0.002705096972189707,0.00544372705405748,0.00712290502793296,0.005072630850818544,0.007254062653888408
ENSG00000070610,2.0,2.0,2.0,2.0,2.0
ENSG00000071073,0.9946808510638299,1.2026143790849673,1.2864450127877238,0.18160651920838186,1.0415754923413567
ENSG00000071553,0.15667767815007078,0.0363036303630363,0.1899757477768796,0.10764294049008168,0.08212127992839562
ENSG00000071794,0.008241845160882078,0.003899227750348149,0.0037476722532588476,0.004104219506571366,0.0034471002689495803
ENSG00000072210,31.70458939940609,30.559169938306226,32.45112864769605,30.982542861535904,30.25016296405633
ENSG00000072401,0.019995570601449048,0.019445499430307628,0.008100558659217882,0.004081162093613099,0.010568582143263004
ENSG00000072506,53.05756560770662,60.363527166386795,60.21818796372716,59.880957528703256,58.760867650692205
ENSG00000072609,0.0005220362577909959,0.0007849094822129384,0.002490689013035383,0.0018215356237030215,0.0007007841206106291
ENSG00000072756,0.018823967943341725,0.036190227332113925,0.058337773042088446,0.03437226915234489,0.032417963715673646
ENSG00000072778,61.789493729358114,55.63350728456981,63.00940195334879,60.59872756296723,55.06732472721498
ENSG00000073578,1.0,1.0,1.0,1.0,1.0
ENSG00000074416,7.464454976303319,8.835098335854765,9.204431017119836,8.824582338902147,7.597826086956524
ENSG00000074696,11.307692307692307,23.308108108108115,20.09366391184573,21.89090909090908,20.920754716981136
ENSG00000074800,1.0,1.0,1.0,1.0,1.0
ENSG00000075188,1.0763827919227391,1.0288104089219332,1.0467050543825975,1.0403041825095056,1.033637000700771
ENSG00000075239,3.0,3.0,3.0,3.0,3.0
ENSG00000075415,2.0,2.0,2.0,2.0,2.0
ENSG00000075975,0.0031005789856677333,0.0015444993037093306,0.003724394785847297,0.0018215356237030215,0.0022159930300390163
ENSG00000076555,2.0,2.0,2.0,2.0,2.0
ENSG00000076685,1.1311475409836071,0.671291866028708,3.9893805309734502,3.886722376973073,1.2021696252465486
ENSG00000077254,0.03759353125754285,0.0054519873373197305,0.038513666139597905,0.02354071582993034,0.03601664514277516
ENSG00000077463,2.04221635883905,2.119791666666667,2.1626666666666665,2.0858369098712446,2.1486068111455108
ENSG00000077514,0.007331042382588776,0.0009918054781513819,0.01815204076197916,0.005668720003023317,0.043137206089197015
ENSG00000077721,0.01634131679691209,0.023344727180655778,0.011615456238361264,0.009176850357389906,0.023428917762036434
ENSG00000078070,3.0,3.0,3.0,3.0,3.0
ENSG00000078124,16.17007902395625,16.410948822463766,17.1151277258567,16.44723639948962,16.2670765766741
ENSG00000078140,0.0147752080235391,0.01868590960881125,0.014548417132216013,0.02706940281300442,0.017993105799462113
ENSG00000078142,6.0,6.0,6.0,6.0,6.0
ENSG00000078747,0.00450849495364951,0.003899227750348149,0.0045391061452513945,0.010029974636845759,0.0056441531876207495
ENSG00000078967,0.005220362577909959,0.009342954804405626,0.003212290502793296,0.007862577818768743,0.008996552899731055
ENSG00000079459,5.0,5.0,5.0,5.0,5.0
ENSG00000079462,0.008792965627498003,0.82922954725973,0.3133531157270029,0.18395303326810175,0.7160367722165474
ENSG00000079739,0.9564134495641345,0.8953687821612349,0.33957219251336895,0.9517857142857142,0.8398203592814372
ENSG00000079805,0.010176557135850911,0.004752675312893049,0.0050448882226842694,0.003847222519075812,0.002229441784605671
ENSG00000080802,0.008653146454899235,0.021800227876946434,0.011173184357541907,0.00652524786718931,0.01121254592977006
ENSG00000081760,2.0,2.0,2.0,2.0,2.0
ENSG00000082212,2.0,2.0,2.0,2.0,2.0
ENSG00000082996,0.00756161609769988,0.007013546018483357,0.015526070763500929,0.010767811851510265,0.01020872002727376
ENSG00000083123,6.075405405405405,6.114312267657993,6.285714285714286,6.422752808988764,6.148284960422163
ENSG00000083168,0.04966269556480553,0.03421200224340999,0.14563314114883627,0.0725703324808184,0.050328227571116005
ENSG00000083223,0.36652719665271966,0.3369565217391305,0.5987878787878789,1.0166453265044815,0.34877384196185285
ENSG00000083720,1.0,1.0,1.0,1.0,1.0
ENSG00000083799,0.025826695631185125,0.016180091452690816,0.032979444318951875,0.024501561374009117,0.017936576266322283
ENSG00000083807,29.0,29.0,29.0,29.0,29.0
ENSG00000084072,0.012185929648241205,0.0023742799314961857,0.005983291939489725,0.0018242257175287823,0.0024220754880193763
ENSG00000084073,1.0,1.0,1.0,1.0,1.0
ENSG00000084090,0.8718975180144115,0.4763749031758327,0.7732142857142856,0.15787914691943125,0.6704416761041903
ENSG00000084207,11.379867811279318,27.121614831569417,26.234485935796236,1.3140671717767083,39.629480631920195
ENSG00000084676,0.07449404334720827,0.03421200224340999,0.07922272047832588,0.06553708439897697,0.04814004376367618
ENSG00000084754,253.36793613109614,248.74711106909484,257.23712771148286,246.78058622142163,246.90821767953352
ENSG00000085231,0.38005828667842634,0.7028354649021173,0.5506752095926281,0.17365836080863806,0.2820047098616537
ENSG00000085377,1.0,1.0,1.0,1.0,1.0
ENSG00000085415,1.0,1.0,1.0,1.0,1.0
ENSG00000085662,10.25173381888206,7.46970282774207,8.214190761050183,6.042802117897457,6.2507022677716595
ENSG00000085871,4.525291827767834,1.5436614397094273,13.335596990953487,15.041896022509071,2.876319981698178
ENSG00000085982,0.00669804489500362,0.0054519873373197305,0.012988479783148855,0.024741772760028827,0.017506098435930543
ENSG00000085998,0.8681704260651628,0.5993485342019542,0.23599320882852287,0.21781554926030858,0.3581757508342604
ENSG00000086062,15.422454264879136,13.301962913286921,13.028129436323173,22.85758112809368,13.627928963133463
ENSG00000086475,1.0,1.0,1.0,1.0,1.0
ENSG00000087053,0.1150527505597922,0.06924772005312786,0.3210065755870431,0.03354855111592632,0.11697911015899698
ENSG00000087111,5.0,5.0,5.0,5.0,5.0
ENSG00000087157,2.0,2.0,2.0,2.0,2.0
ENSG00000087253,6.003681788297173,6.0083411812188885,6.097526700393479,6.004971259903682,6.004092071611253
ENSG00000087470,0.07381069151544876,0.003484607930060413,0.0063181986686652826,0.0032701391412144408,0.0015323301941390015
ENSG00000088451,1.0,1.0,1.0,1.0,1.0
ENSG00000089060,1.0,1.0,1.0,1.0,1.0
ENSG00000089234,0.0022463378365551938,0.0023294087859222676,0.002723463687150837,0.0023979709476596757,0.0024053941437175656
ENSG00000090054,1.0,1.0,1.0,1.0,1.0
ENSG00000090060,1.8377958866899498,1.7898343803540833,1.702774108322325,1.6741889985895626,1.6644823066841417
ENSG00000090266,1.0,1.0,1.0,1.0,1.0
ENSG00000090432,0.0022305185560160725,0.0015444993037093306,0.0027700186219739294,0.0036891860733225725,0.0018561309140497735
ENSG00000090686,0.05986000482741974,0.02163207879001055,0.04111136209622768,0.022940187364881095,0.02539819199311235
ENSG00000090861,1.0,1.0,1.0,1.0,1.0
ENSG00000090971,0.005785667324128862,0.008341181218888737,0.014333895446880275,0.006214074879602297,0.006342710997442454
ENSG00000091140,6.924594594594595,6.885687732342007,6.714285714285714,6.577247191011236,6.851715039577837
ENSG00000091483,2.0,2.0,2.0,2.0,2.0
ENSG00000092148,0.030499572879425424,0.0023294087859222676,0.014338919925512101,0.01669356698178465,0.0038637827190423878
ENSG00000093000,1.0956979806848113,1.1431226765799256,1.1938579654510557,1.2418250950570342,1.158374211632796
ENSG00000093010,21.0,21.0,21.0,21.0,21.0
ENSG00000094841,1.0,1.0,1.0,1.0,1.0
ENSG00000094914,1.0,1.0,1.0,1.0,1.0
ENSG00000095059,3.0,3.0,3.0,3.0,3.0
ENSG00000095139,0.9888846301264852,0.06473175021987686,0.6124031007751939,0.49407965554359523,0.16321406151914628
ENSG00000095319,1.0307287093942055,1.0288104089219332,1.0601407549584132,1.0342205323193916,1.0161177295024526
ENSG00000095321,95.26468938514927,68.5967605722569,97.20886247570839,86.10333279317237,94.50070743861761
ENSG00000095380,2.0,2.0,2.0,2.0,2.0
ENSG00000096717,0.4999999999999999,0.11979166666666666,0.24933333333333324,0.190271816881259,0.09287925696594429
ENSG00000097033,0.5535831689677843,0.23166958159558715,0.3670601461495224,0.25788410750349533,0.28562659846547306
ENSG00000099624,1.0,1.0,1.0,1.0,1.0
ENSG00000099785,0.004777422722814569,0.008558045322192686,0.007309124767225329,0.006202444085773578,0.008977612788363197
ENSG00000099795,1.0,1.0,1.0,1.0,1.0
ENSG00000099797,28.0,28.0,28.0,28.0,28.0
ENSG00000099804,0.003796627329389061,0.0023294087859222676,0.005749534450651767,0.008300668664975802,0.0030872381529603392
ENSG00000099817,2.0,2.0,2.0,2.0,2.0
ENSG00000100023,0.0057160804020100495,0.0035808812081581827,0.005983291939489728,0.006567212583103615,0.0023355727920186834
ENSG00000100075,30.0,30.0,30.0,30.0,30.0
ENSG00000100116,1.0,1.0,1.0,1.0,1.0
ENSG00000100142,2.0,2.0,2.0,2.0,2.0
ENSG00000100243,0.452608376193975,0.706896551724138,0.8331858407079646,0.8197214904027098,0.6819112627986349
ENSG00000100348,7.0,7.0,7.0,7.0,7.0
ENSG00000100354,1.7087189478811495,1.806925498426023,1.7718875502008031,1.7177121771217712,1.5422680412371133
ENSG00000100372,1.0,1.0,1.0,1.0,1.0
ENSG00000100393,0.05583464905985361,0.0173864273696018,0.08093102711936792,0.06969309462915597,0.045076586433260415
ENSG00000100412,2.0,2.0,2.0,2.0,2.0
ENSG00000100413,2.2196531791907512,2.363905325443787,2.6,2.305993690851735,2.2149859943977592
ENSG00000100416,1.0,1.0,1.0,1.0,1.0
ENSG00000100417,0.7803468208092486,0.6360946745562129,0.4,0.694006309148265,0.785014005602241
ENSG00000100422,1.0,1.0,1.0,1.0,1.0
ENSG00000100442,0.25552763819095475,0.08014167834345323,0.03189207496048769,0.05537538511431815,0.062397278048499184
ENSG00000100522,1.0,1.0,1.0,1.0,1.0
ENSG00000100554,6.715573212900524e-26,6.574755911596474e-25,9.891730738479736e-26,1.632147267407667e-25,6.715573212900471e-26
ENSG00000100564,0.08576998050682261,0.06950672645739911,0.4950980392156863,0.22986247544204322,0.23452768729641696
ENSG00000100577,1.5740069051875571,2.0505285150848165,1.9692083564176677,12.319138900315366,2.229264436385018
ENSG00000100605,3.0,3.0,3.0,3.0,3.0
ENSG00000100644,1.0,1.0,1.0,1.0,1.0
ENSG00000100714,5.0,5.0,5.0,5.0,5.0
ENSG00000100814,0.009760496092637716,0.015571591340676033,0.005540037243947859,0.00846207055568366,0.01488692753513391
ENSG00000100938,1.0,1.0,1.0,1.0,1.0
ENSG00000100983,1.0,1.0,1.0,1.0,1.0
ENSG00000100994,2.0,2.0,2.0,2.0,2.0
ENSG00000100997,2.5355450236966823,1.1649016641452345,0.7955689828801612,1.175417661097852,2.402173913043479
ENSG00000101146,1.0,1.0,1.0,1.0,1.0
ENSG00000101160,0.2476825028968714,1.0734200743494424,1.579730921923246,3.0711802004499904,0.8257429692174724
ENSG00000101290,3.0,3.0,3.0,3.0,3.0
ENSG00000101365,1.0,1.0,1.0,1.0,1.0
ENSG00000101444,2.0,2.0,2.0,2.0,2.0
ENSG00000101464,5.0,5.0,5.0,5.0,5.0
ENSG00000101473,13.781035885864034,15.099387838155707,15.181063365443471,13.858360137229266,14.432211545533002
ENSG00000101557,0.03795558773835384,0.05399226169539215,0.04687147052179804,0.05092481383617584,0.07705553164012054
ENSG00000101577,1.54152143193594,3.3518164435946467,0.9732208400083975,6.470255067974888,5.819461551030722
ENSG00000101654,1.0,1.0,1.0,1.0,1.0
ENSG00000101751,0.09564719358533791,0.04841269841269842,0.047330764997248226,0.04787234042553191,0.09819639278557112
ENSG00000101901,0.6785714285714286,0.5826558265582656,0.7654584221748401,0.5,0.6059523809523809
ENSG00000102030,0.2594507918329258,0.5476998534454125,0.6579504368524418,0.6106683349498325,0.7652360988804948
ENSG00000102078,2.0,2.0,2.0,2.0,2.0
ENSG00000102100,2.0,2.0,2.0,2.0,2.0
ENSG00000102125,0.1440200375704446,0.11191335740072204,0.19634703196347034,0.03848363009764503,0.051428571428571435
ENSG00000102144,1.0,1.0,1.0,1.0,1.0
ENSG00000102172,0.6732558139534883,0.8902777777777777,0.4438149197355996,0.4685446009389671,0.8312790462719741
ENSG00000102226,0.014965001206854935,0.08107632782272245,0.02112039756042466,0.009608455440787892,0.018080068876452863
ENSG00000102309,0.09962311557788944,0.06577923088899268,0.04052833596748702,0.14727582292849037,0.08803091029670423
ENSG00000102312,0.002366863905325444,0.016413292075877838,0.016301292861157963,0.0015535187199005743,0.001636828644501279
ENSG00000102393,3.4910179640718564,3.3315217391304346,3.7081784386617103,3.1737089201877935,3.2575342465753425
ENSG00000102699,0.07724425887265136,0.05842911877394636,0.1295790049207217,0.0964169381107492,0.13261050875729777
ENSG00000102743,14.0,14.0,14.0,14.0,14.0
ENSG00000102858,0.0010757110766602333,0.0007849094822129384,0.0039804469273743035,0.00696333871339636,0.00238645403234971
ENSG00000102893,0.0007527691149585975,0.0010452491739159754,0.005831281586108591,0.021801588642893364,0.0068614431164231975
ENSG00000102900,1.1211589113257243,1.0566914498141264,1.093410108765195,1.050190114068441,1.0735809390329363
ENSG00000102978,2.0,2.0,2.0,2.0,2.0
ENSG00000103024,9.491566265060241,5.320266562132494,14.164648910411618,6.616937253181224,12.337179010048377
ENSG00000103066,0.1795323901192455,0.04843428945120592,0.09010836922125999,0.1416641124579605,0.1306171159751883
ENSG00000103150,6.0,6.0,6.0,6.0,6.0
ENSG00000103194,0.054006758387641796,0.07562434048540272,0.03151118138694374,0.037953398991112164,0.05754053666236187
ENSG00000103202,9.334939759036148,14.411603292826344,7.7276029055690065,16.74769635805178,7.847413472273911
ENSG00000103266,0.0007118676242604487,0.0427902266109634,0.01706238361266295,0.02884482361079089,0.054168718512064874
ENSG00000103275,0.013620400544183257,0.023344727180655778,0.024557728119180628,0.010468065483052812,0.0221031099662866
ENSG00000103404,0.010559980690321023,0.0054519873373197305,0.013327309690535352,0.015853951477300017,0.009327019658487588
ENSG00000103415,2.0,2.0,2.0,2.0,2.0
ENSG00000103502,2.0,2.0,2.0,2.0,2.0
ENSG00000103507,1.0,1.0,1.0,1.0,1.0
ENSG00000103510,0.025979618200086124,0.155356141334829,0.04932735426008969,0.04539641943734014,0.07089715536105033
ENSG00000103549,0.00037966273293890587,0.0015444993037093306,0.0037942271880819353,0.003666128660364308,0.0020834122504640325
ENSG00000103657,0.013335653494479073,0.0015444993037093306,0.00900837988826815,0.003643071247406043,0.0033145194893745974
ENSG00000103707,1.0,1.0,1.0,1.0,1.0
ENSG00000103811,0.525782155272306,2.7881040892193307,1.8096603440670487,1.1822458580486808,3.493451233295658
ENSG00000104219,0.05996055226824458,0.049508946589533136,0.03569421023046656,0.02672052198228988,0.05012787723785168
ENSG00000104325,20.540055248618785,20.514307060141952,20.394749958464864,20.224710886614382,20.321856785282947
ENSG00000104343,0.005125446894675233,0.013216862894037222,0.00709962756052142,0.0068019368226884935,0.015455130876169551
ENSG00000104517,0.006090423007561618,0.0023294087859222676,0.008845437616387335,0.003712243486280843,0.0016667298003712261
ENSG00000104522,2.0,2.0,2.0,2.0,2.0
ENSG00000104549,2.0,2.0,2.0,2.0,2.0
ENSG00000104687,4.0,4.0,4.0,4.0,4.0
ENSG00000104763,3.975039709552984,3.6684782608695654,3.3208722741433023,3.6858108108108105,3.881530234471411
ENSG00000104823,6.73971119133574,6.180796947859262,6.649019607843137,6.868619022031166,6.587719298245614
ENSG00000104885,0.03457722703623082,0.3325755464288623,0.10863646620594651,0.18399711228235166,0.09912587507612505
ENSG00000104907,0.21789883268482488,0.6013071895424836,0.5797101449275363,0.2608695652173913,0.32552083333333337
ENSG00000105220,1.0,1.0,1.0,1.0,1.0
ENSG00000105254,2.0,2.0,2.0,2.0,2.0
ENSG00000105379,0.39332587241835393,0.6971214017521902,0.5284450063211126,0.7244484197972569,0.7346383493311163
ENSG00000105516,1.6705882352941175,1.8739837398373984,1.1159420289855073,0.6446886446886447,1.1730337078651687
ENSG00000105552,3.0,3.0,3.0,3.0,3.0
ENSG00000105607,1.0,1.0,1.0,1.0,1.0
ENSG00000105669,0.04906094288999618,3.2218117854001758,1.629198966408269,1.9730893433799785,2.980539861895794
ENSG00000105701,0.0005653266331658293,0.0646115522341585,0.05057575073379993,0.031092913896546136,0.07808310025662468
ENSG00000105835,1.0,1.0,1.0,1.0,1.0
ENSG00000105854,1.0,1.0,1.0,1.0,1.0
ENSG00000105879,0.0022779763976334363,0.0023294087859222676,0.003189013035381748,0.002444085773576208,0.0021023523618318865
ENSG00000105939,0.057202505219206674,0.05842911877394636,0.3493712411153636,0.23322475570032572,0.26688907422852376
ENSG00000105953,2.8162475822050292,2.6331360946745566,3.115671641791045,1.2978817299205652,2.46319018404908
ENSG00000106049,0.25460636515912893,0.49073655671034805,0.17899249732047157,0.1583660328000805,0.33019665891308947
ENSG00000106105,1.0,1.0,1.0,1.0,1.0
ENSG00000106392,0.6623134328358209,0.39869281045751637,0.355,0.4357541899441341,0.6399176954732511
ENSG00000106462,0.030485074097566008,0.09520427847399633,0.0528361691630002,0.02957368733892538,0.021494052579740887
ENSG00000106628,0.007331042382588776,0.0009918054781513819,0.01815204076197916,0.005668720003023317,0.043137206089197015
ENSG00000106636,0.042340565417488485,0.049508946589533136,0.04890387858347388,0.04909119154885817,0.04358056265984655
ENSG00000106733,2.0,2.0,2.0,2.0,2.0
ENSG00000106853,1.4199288256227758,3.304101838755304,1.4599686028257457,3.3340721166140996,3.647246608140463
ENSG00000107341,0.024013667858385802,0.003899227750348149,0.015316573556797023,0.019944662208900173,0.010606462365998713
ENSG00000107537,3.0,3.0,3.0,3.0,3.0
ENSG00000107669,1.0,1.0,1.0,1.0,1.0
ENSG00000107789,1.0,1.0,1.0,1.0,1.0
ENSG00000107798,125.0,125.0,125.0,125.0,125.0
ENSG00000107819,1.0794979079497908,1.221014492753623,1.5454545454545454,1.0085287846481876,1.221465076660988
ENSG00000107854,0.06889352818371608,0.02969348659003832,0.07873154729360304,0.10879478827361565,0.058381984987489574
ENSG00000107902,0.4889589905362776,0.18358208955223881,0.11579434923575731,0.9077526987242392,0.44683003597122295
ENSG00000107951,2.0,2.0,2.0,2.0,2.0
ENSG00000108106,0.0013604581263644121,0.007013546018483357,0.013500931098696451,0.00212128199216048,0.0033713398234781642
ENSG00000108179,0.07807788944723618,0.02393741242410089,0.005983291939489725,0.0389573536565591,0.012514056688100107
ENSG00000108439,4.0,4.0,4.0,4.0,4.0
ENSG00000108474,2.0,2.0,2.0,2.0,2.0
ENSG00000108523,0.0018350365425380455,0.008558045322192684,0.009148044692737427,0.01830758588886329,0.01009507935906663
ENSG00000108528,3.0,3.0,3.0,3.0,3.0
ENSG00000108559,1.0667251975417031,1.0855018587360594,1.072936660268714,1.1163498098859317,1.0490539593552908
ENSG00000108773,0.00502368307736472,0.0173864273696018,0.03651505445227419,0.04028132992327365,0.02013129102844639
ENSG00000108799,0.2342537272760335,0.47295028661275584,0.14705006116449454,0.05703496843935609,0.20907851145747952
ENSG00000109065,0.014464168310322158,0.01641329207587783,0.039347948285553686,0.02299207705452851,0.029258312020460368
ENSG00000109107,3.9175257731958766,1.1260162601626016,1.957494407158837,4.8015435501653805,1.1052631578947372
ENSG00000109189,0.0319213130581704,0.0432641575800211,0.015021459227467811,0.008527504203699252,0.024393743722198304
ENSG00000109332,0.04896067326857974,0.0996075452588935,0.06701582867783984,0.057412958266082566,0.07477555968029093
ENSG00000109390,1.0,1.0,1.0,1.0,1.0
ENSG00000109586,0.2991174184317151,0.32822730981776205,0.3861772517912684,0.00483425401777651,0.2941225139151535
ENSG00000109685,0.2141867119188743,0.16901380228352014,0.13919047232636902,0.1282404115907299,0.1367253449325863
ENSG00000109814,1.0,1.0,1.0,1.0,1.0
ENSG00000109861,0.06300695249130937,0.8573420074349446,1.645897662108514,0.16772346083043574,1.3333554949803872
ENSG00000109929,5.0,5.0,5.0,5.0,5.0
ENSG00000110066,0.36306088388042357,1.0031786974247647,0.3700429630140054,0.5891624706414692,0.7178080608960783
ENSG00000110344,0.004160470781788845,0.0007849094822129384,0.0058193668528864016,0.008415955729767124,0.0016099094662676608
ENSG00000110435,1.0,1.0,1.0,1.0,1.0
ENSG00000110536,1.0,1.0,1.0,1.0,1.0
ENSG00000110619,1.0,1.0,1.0,1.0,1.0
ENSG00000110713,1.0763827919227391,1.0288104089219332,1.0467050543825975,1.0403041825095056,1.033637000700771
ENSG00000110717,1.0,1.0,1.0,1.0,1.0
ENSG00000110721,1.2424242424242424,1.1995661605206074,1.2674418604651163,1.287037037037037,1.1154855643044619
ENSG00000110871,1.0,1.0,1.0,1.0,1.0
ENSG00000110911,0.8336780585078174,0.5592734225621415,0.5912793433366444,0.6093482731011391,0.3096241962188595
ENSG00000110921,2.0,2.0,2.0,2.0,2.0
ENSG00000110955,1.0,1.0,1.0,1.0,1.0
ENSG00000110958,4.379256965944273,4.571594607159461,5.565762004175365,5.215002180549499,4.9178309258820745
ENSG00000111144,1.8507042253521127,1.8237547892720305,1.637239165329053,1.2798789712556733,1.5339885339885342
ENSG00000111237,1.0,1.0,1.0,1.0,1.0
ENSG00000111275,24.411857297560896,18.55797471323828,17.24919291345104,24.016631910433777,18.94927121836605
ENSG00000111581,1.0763827919227391,1.0288104089219332,1.0467050543825975,1.0403041825095056,1.033637000700771
ENSG00000111640,1.0,1.0,1.0,1.0,1.0
ENSG00000111666,3.8880179171332587,3.4325581395348834,2.599439775910364,3.436419125127162,3.623908663532572
ENSG00000111667,0.004042964035722906,0.02163207879001055,0.016263835554551607,0.022699975978861385,0.023676280671545414
ENSG00000111669,1.0,1.0,1.0,1.0,1.0
ENSG00000111670,1.0,1.0,1.0,1.0,1.0
ENSG00000111726,3.0,3.0,3.0,3.0,3.0
ENSG00000111775,2.0,2.0,2.0,2.0,2.0
ENSG00000112130,0.006137880849178979,0.006228636536270418,0.0045856610800744865,0.003666128660364309,0.0034092200462138753
ENSG00000112304,3.5096227867590453,3.640490797546012,3.562162162162162,4.374314574314574,4.184073107049608
ENSG00000112367,0.030188679245283012,0.01340250756593169,0.08257151282807432,0.04946492271105827,0.029178560101490645
ENSG00000112695,2.0,2.0,2.0,2.0,2.0
ENSG00000112699,1.0,1.0,1.0,1.0,1.0
ENSG00000112759,21.0,21.0,21.0,21.0,21.0
ENSG00000112972,2.0,2.0,2.0,2.0,2.0
ENSG00000112992,1.0,1.0,1.0,1.0,1.0
ENSG00000113163,3.4411764705882355,3.4110898661567877,3.502087682672234,3.275623268698061,3.269182389937107
ENSG00000113269,0.004619229917423359,0.007773135839979743,0.012104283054003724,0.030043809084620732,0.008068487442706166
ENSG00000113407,1.0,1.0,1.0,1.0,1.0
ENSG00000113448,2.216294859359845,3.9935064935064934,3.5652173913043477,1.4444444444444446,2.920258620689655
ENSG00000113456,2.0,2.0,2.0,2.0,2.0
ENSG00000113552,0.353125,0.5826558265582656,0.4878892733564014,0.8375,0.8536312849162012
ENSG00000113593,0.012185929648241205,0.0023742799314961857,0.005983291939489725,0.0018242257175287823,0.0024220754880193763
ENSG00000113643,1.0,1.0,1.0,1.0,1.0
ENSG00000113732,2.606020316481772e-08,9.58125441528696e-09,1.477620079072065e-07,8.398610137801973e-08,4.2046507249265937e-07
ENSG00000114021,2.0,2.0,2.0,2.0,2.0
ENSG00000114054,1.0,1.0,1.0,1.0,1.0
ENSG00000114062,0.0428227924194008,0.00544372705405748,0.01424581005586591,0.013373299515794333,0.0085988105610061
ENSG00000114166,0.11382230515286354,0.0173864273696018,0.02968182788810592,0.08471867007672634,0.024507658643326047
ENSG00000114316,0.019671735457398018,0.03236018290538163,0.02721933589338152,0.021979341820802297,0.02109341368919501
ENSG00000114423,0.008336760844116812,0.0015444993037093306,0.007099627560521417,0.0015909614941203615,0.0006439637865070646
ENSG00000114480,1.0,1.0,1.0,1.0,1.0
ENSG00000114491,2.0,2.0,2.0,2.0,2.0
ENSG00000114573,6.715573212900524e-26,6.574755911596474e-25,9.891730738479736e-26,1.632147267407667e-25,6.715573212900471e-26
ENSG00000114770,8.0,8.0,8.0,8.0,8.0
ENSG00000114857,0.057914572864321605,0.004787482484820179,0.10273199367803112,0.017147721744770552,0.004584642888036676
ENSG00000114902,2.0,2.0,2.0,2.0,2.0
ENSG00000114956,2.0,2.0,2.0,2.0,2.0
ENSG00000114982,0.3858407079646018,0.3369565217391305,0.16541353383458646,0.18725099601593628,0.2663316582914573
ENSG00000115159,3.018516634449079,3.0048498122653315,3.0739570164348926,3.001729278473465,3.002569722621117
ENSG00000115275,1.0,1.0,1.0,1.0,1.0
ENSG00000115286,1.0,1.0,1.0,1.0,1.0
ENSG00000115350,0.04032073310423826,0.022619563646871847,0.04239707422728,0.04185404935565548,0.06603019704004282
ENSG00000115392,0.0020723257506248638,0.0015444993037093306,0.003258845437616387,0.0030666359234493893,0.0011364066820712903
ENSG00000115419,1.0,1.0,1.0,1.0,1.0
ENSG00000115464,0.039826212889210726,0.016180091452690816,0.06787892477976057,0.04203699255344704,0.0309944037882049
ENSG00000115525,4.0,4.0,4.0,4.0,4.0
ENSG00000115652,3.0,3.0,3.0,3.0,3.0
ENSG00000115677,2.0,2.0,2.0,2.0,2.0
ENSG00000115758,2.0,2.0,2.0,2.0,2.0
ENSG00000115866,1.0,1.0,1.0,1.0,1.0
ENSG00000116005,1.0,1.0,1.0,1.0,1.0
ENSG00000116120,1.0,1.0,1.0,1.0,1.0
ENSG00000116171,6.962337035248672,6.647081339712919,6.602143335565975,6.204191677688473,6.225405285365312
ENSG00000116199,2.8255481410867493,1.0860534124629082,1.824742268041237,0.4329268292682926,0.385876418663304
ENSG00000116237,1.0,1.0,1.0,1.0,1.0
ENSG00000116337,1.0,1.0,1.0,1.0,1.0
ENSG00000116459,1.0,1.0,1.0,1.0,1.0
ENSG00000116539,1.3552352041144913,0.16901380228352014,1.017335240824437,0.6523533980919741,0.939986746411531
ENSG00000116649,1.3267441860465117,1.1097222222222223,1.5561850802644004,1.531455399061033,1.1687209537280259
ENSG00000116704,2.0,2.0,2.0,2.0,2.0
ENSG00000116761,5.0,5.0,5.0,5.0,5.0
ENSG00000116791,5.0,5.0,5.0,5.0,5.0
ENSG00000116906,4.0,4.0,4.0,4.0,4.0
ENSG00000117054,72.36290369257594,72.6862709917447,62.25932349426037,66.09809165560657,74.15285692719611
ENSG00000117118,1.0,1.0,1.0,1.0,1.0
ENSG00000117143,1.0,1.0,1.0,1.0,1.0
ENSG00000117305,3.0,3.0,3.0,3.0,3.0
ENSG00000117308,3.0,3.0,3.0,3.0,3.0
ENSG00000117410,0.543652692412256,0.3694012354181238,0.48625722132708477,0.5983081353279917,0.3922581962538395
ENSG00000117448,7.805640690762976,8.911251291174343,9.336601307189543,11.213333480530935,11.070271355250396
ENSG00000117450,0.1449668066657635,0.36134050028527676,0.8504758418740849,0.5587841247194336,0.7277001722205518
ENSG00000117528,7.0,7.0,7.0,7.0,7.0
ENSG00000117543,1.0,1.0,1.0,1.0,1.0
ENSG00000117592,32.13161285435427,28.250945184343273,28.25694561152525,29.82049361683861,27.121465168292037
ENSG00000117620,0.968253968253968,0.3369565217391305,0.9572649572649573,0.8713858424725822,0.7269439421338156
ENSG00000117682,2.064194577352472,2.235632183908046,2.07856093979442,2.2440087145969496,2.4158415841584158
ENSG00000117984,4.223638470451914,5.7853159851301115,2.863365681517424,5.35896911433831,2.842231234625358
ENSG00000118058,0.36113992682285534,0.16901380228352014,0.6167382716900089,0.3679942245647033,0.23926935363202612
ENSG00000118363,2.0,2.0,2.0,2.0,2.0
ENSG00000118518,0.008969532065681653,0.014001772376250153,0.005959031657355679,0.005579893935900396,0.00943217546119171
ENSG00000118596,68.0,68.0,68.0,68.0,68.0
ENSG00000118705,0.25,0.25,0.25,0.25,0.25
ENSG00000119013,1.0,1.0,1.0,1.0,1.0
ENSG00000119048,0.0686556775397855,0.03891631852133182,0.03177374301675977,0.022411805395434654,0.032103488768513974
ENSG00000119392,1.0,1.0,1.0,1.0,1.0
ENSG00000119421,1.0,1.0,1.0,1.0,1.0
ENSG00000119523,2.0,2.0,2.0,2.0,2.0
ENSG00000119537,1.0,1.0,1.0,1.0,1.0
ENSG00000119640,0.13694136941369414,0.9379450661241098,1.0069284064665127,0.1105424769703173,0.5789473684210525
ENSG00000119673,84.80763609410228,84.48405110946509,82.13750306190367,84.27119912294255,84.92679335007288
ENSG00000119689,3.0,3.0,3.0,3.0,3.0
ENSG00000119723,11.834575260804773,13.653846153846153,10.027027027027025,5.077067669172935,10.9625
ENSG00000119772,2.9062332559385604,1.1960784313725492,1.24,0.6359447004608293,1.25
ENSG00000119782,0.00031407035175879387,0.003580881208158182,0.006829984195077893,0.004297065023512243,0.0020183962400161467
ENSG00000119899,3.0,3.0,3.0,3.0,3.0
ENSG00000120053,5.965974748555532,6.827309236947791,5.10161662817552,5.673997772828508,6.435897435897436
ENSG00000120137,3.2553956834532376,1.112115732368897,2.3098859315589353,4.348314606741574,2.89647577092511
ENSG00000120253,1.0763827919227391,1.0288104089219332,1.0467050543825975,1.0403041825095056,1.033637000700771
ENSG00000120265,1.0,1.0,1.0,1.0,1.0
ENSG00000120437,2.0,2.0,2.0,2.0,2.0
ENSG00000120697,3.0,3.0,3.0,3.0,3.0
ENSG00000120992,0.9021151008362027,1.1937007874015748,0.8379814077025234,1.186186186186186,1.1323713927227104
ENSG00000121310,1.0,1.0,1.0,1.0,1.0
ENSG00000121481,0.001755940139842442,0.003114318268135208,0.003770949720670391,0.001775420797786491,0.003409220046213877
ENSG00000121579,0.19408284023668637,0.17355038342526563,0.1079258010118044,0.19636476619543272,0.13462915601023018
ENSG00000121691,5.104508196721311,5.188850967007964,5.166739225076187,5.240825815021863,5.236831015592077
ENSG00000121851,2.0,2.0,2.0,2.0,2.0
ENSG00000121879,0.778675282714055,0.5040650406504066,1.4004796163069544,1.008450704225352,0.7882037533512064
ENSG00000121897,2.0,2.0,2.0,2.0,2.0
ENSG00000122008,0.15292096219931273,0.1952380952380953,0.21739130434782614,0.17375886524822695,0.14161656646626583
ENSG00000122126,1.459016393442623,1.0,0.9777777777777777,1.5206611570247932,1.391304347826087
ENSG00000122257,0.028063403676400797,0.0023294087859222676,0.020065176908752327,0.011736223195757444,0.0038637827190423878
ENSG00000122390,0.08152319144874977,0.17105173449414207,0.1676042165455694,0.3684141932829209,0.19254062788355794
ENSG00000122643,8.352459016393448,4.048325358851674,8.083185840707964,5.036211699164346,7.766929651545035
ENSG00000122729,1.0,1.0,1.0,1.0,1.0
ENSG00000123124,0.019726642832283998,0.007013546018483352,0.009683426443202976,0.018284528475905015,0.008428349558695402
ENSG00000123130,0.7142857142857143,0.2837209302325581,0.9081364829396326,0.2704081632653061,0.3447802197802197
ENSG00000123505,1.0,1.0,1.0,1.0,1.0
ENSG00000123739,1.2805933250927068,0.932754880694143,0.6101694915254237,0.9403830590774209,0.13400384558497264
ENSG00000123836,2.0,2.0,2.0,2.0,2.0
ENSG00000123983,30.18585021827319,3.260159880784002,81.19676128813373,6.356788976420031,12.334705286656327
ENSG00000123989,7.272360742705571,6.962285136501517,2.7098005401444354,8.960938578329882,8.488369120654397
ENSG00000124151,0.029280895650925804,0.0173864273696018,0.08498825539184279,0.050511508951406645,0.027571115973741806
ENSG00000124155,4.0,4.0,4.0,4.0,4.0
ENSG00000124164,0.4671280276816609,0.5296367112810707,0.24321503131524005,0.5166204986149585,0.5559748427672957
ENSG00000124275,1.0,1.0,1.0,1.0,1.0
ENSG00000124299,2.0,2.0,2.0,2.0,2.0
ENSG00000124356,0.043024378469707934,0.05399226169539217,0.025412243053986892,0.062214748979101585,0.09642703400774859
ENSG00000124357,1.0,1.0,1.0,1.0,1.0
ENSG00000124370,1.0,1.0,1.0,1.0,1.0
ENSG00000124422,0.012973690562394394,0.0432641575800211,0.06381296589112263,0.06990151333173192,0.0647151671688908
ENSG00000124486,0.07271300989621046,0.010728104115371083,0.04664558391687373,0.06858035070862356,0.026976610704548713
ENSG00000124523,0.7401055408970977,0.5208333333333333,0.23866666666666664,0.5107296137339057,0.33539731682146545
ENSG00000124588,1.0,1.0,1.0,1.0,1.0
ENSG00000124596,2.5712401055408973,2.880208333333333,2.444,3.117310443490701,3.2053663570691437
ENSG00000124767,0.7967557251908397,0.6033880075289056,0.6657848324514991,0.6244725738396624,0.4267862864466516
ENSG00000125166,9.034025251444467,8.172690763052211,9.898383371824481,9.326002227171493,8.564102564102562
ENSG00000125246,2.0,2.0,2.0,2.0,2.0
ENSG00000125356,1.0,1.0,1.0,1.0,1.0
ENSG00000125450,1.0763827919227391,1.0288104089219332,1.0467050543825975,1.0403041825095056,1.033637000700771
ENSG00000125454,56.0,56.0,56.0,56.0,56.0
ENSG00000125458,10.801469583294374,10.033831040281996,9.330871150338087,12.748100428702177,13.564362483743292
ENSG00000125484,0.01751112386967131,0.03421200224340999,0.02562459961563101,0.025255754475703322,0.028008752735229764
ENSG00000125779,2.7446043165467624,4.887884267631103,3.6901140684410647,1.651685393258427,3.10352422907489
ENSG00000125877,7.073280159521436,7.2134490238611715,7.2,7.30092204526404,7.301479654747226
ENSG00000126088,3.0,3.0,3.0,3.0,3.0
ENSG00000126261,0.003749169487771696,0.003899227750348149,0.007378957169459959,0.004842056721235878,0.002803136482442515
ENSG00000126267,2.0,2.0,2.0,2.0,2.0
ENSG00000126432,1.189947161631215,0.6271433290291584,0.3731698389458273,0.2328049692899275,0.3898198518356524
ENSG00000126522,1.0,1.0,1.0,1.0,1.0
ENSG00000126821,2.016436107222828,2.017452677411764,2.076636704982493,2.4473140148790167,2.0770147166527204
ENSG00000127125,2.0,2.0,2.0,2.0,2.0
ENSG00000127184,2.0,2.0,2.0,2.0,2.0
ENSG00000127445,0.041457286432160796,0.04546162229487778,0.03398058252427184,0.02112047997405546,0.04062743288832502
ENSG00000127481,0.002894928338659159,0.0007849094822129384,0.004143389199255119,0.0047959418953193505,0.006875260426531307
ENSG00000127540,1.0,1.0,1.0,1.0,1.0
ENSG00000127884,72.39596424234,81.00619365802288,76.8854096421398,85.16162217528736,89.81816143394374
ENSG00000128050,2.0,2.0,2.0,2.0,2.0
ENSG00000128294,1.0,1.0,1.0,1.0,1.0
ENSG00000128524,6.715573212900524e-26,6.574755911596474e-25,9.891730738479736e-26,1.632147267407667e-25,6.715573212900471e-26
ENSG00000128609,1.0,1.0,1.0,1.0,1.0
ENSG00000128708,0.07506817855604997,0.39652271452607973,0.08477471706171259,0.06010230179028131,0.18905908096280094
ENSG00000128731,0.008352580124655933,0.0023294087859222676,0.009078212290502787,0.005994927369149184,0.0033145194893745957
ENSG00000128928,1.0,1.0,1.0,1.0,1.0
ENSG00000128951,2.9267198404785644,2.7865509761388285,2.8,2.6990779547359596,2.698520345252774
ENSG00000129083,0.7987734764277502,0.3672823218997362,0.7235142118863049,0.5209903121636168,0.3753923414940364
ENSG00000129128,2.0,2.0,2.0,2.0,2.0
ENSG00000129187,1.0,1.0,1.0,1.0,1.0
ENSG00000129353,0.752112676056338,0.6630434782608696,0.5277246653919695,0.012640449438202247,0.10943396226415095
ENSG00000129484,0.08643006263048016,0.08812260536398465,0.05358119190814653,0.05537459283387622,0.06171809841534612
ENSG00000129562,0.25,0.25,0.25,0.25,0.25
ENSG00000130005,1.0,1.0,1.0,1.0,1.0
ENSG00000130066,4.417773237997958,4.054428555592507,4.7277248238707,3.8269271161520684,3.040960544395734
ENSG00000130203,1.0,1.0,1.0,1.0,1.0
ENSG00000130227,0.38790035587188615,0.16756756756756758,0.22491349480968856,0.14285714285714285,0.2785862785862786
ENSG00000130313,2.0,2.0,2.0,2.0,2.0
ENSG00000130414,1.0,1.0,1.0,1.0,1.0
ENSG00000130717,3.530743801652893,3.324446981589838,1.872118959107807,4.037878787878789,4.261286194684999
ENSG00000130725,0.005631663871927104,0.0023294087859222676,0.010614525139664804,0.007655061102144349,0.005947194969506421
ENSG00000130816,0.09376674406143956,1.8039215686274508,1.76,2.3640552995391704,1.75
ENSG00000130821,3.499304589707927,2.114180478821363,2.1577409931840306,2.015978695073237,2.654409937888198
ENSG00000130939,0.007624893219856361,0.0007849094822129385,0.003258845437616386,0.0028360617938667297,0.0018750710254176286
ENSG00000130958,2.5476190476190474,3.0,2.6153846153846154,2.8893320039880357,2.84629294755877
ENSG00000130985,0.007134495523143609,0.003114318268135209,0.009776536312849159,0.009292137422181239,0.010057199136330918
ENSG00000131013,0.042462311557788936,0.011949244901136543,0.027037706028448846,0.00818874655424031,0.01023615236008189
ENSG00000131069,10.0,10.0,10.0,10.0,10.0
ENSG00000131100,1.4291038247870788e-14,3.107267346763245e-14,1.6623063747183143e-14,2.0138191478119637e-14,1.4291038247870725e-14
ENSG00000131143,2.0,2.0,2.0,2.0,2.0
ENSG00000131174,2.0,2.0,2.0,2.0,2.0
ENSG00000131238,1.8195615514333896,1.3351351351351353,2.845132743362832,1.4947368421052631,1.471153846153846
ENSG00000131373,4.0,4.0,4.0,4.0,4.0
ENSG00000131446,1.0,1.0,1.0,1.0,1.0
ENSG00000131473,1.0,1.0,1.0,1.0,1.0
ENSG00000131495,1.0,1.0,1.0,1.0,1.0
ENSG00000131508,0.018650931755623757,0.04124572730725409,0.028189013035381738,0.01971408807931751,0.03549376870335996
ENSG00000131653,6.327712215648431e-05,0.004658817571844535,0.00626163873370577,0.006686649757897166,0.005606272964885032
ENSG00000131748,1.0,1.0,1.0,1.0,1.0
ENSG00000131828,1.0,1.0,0.8988636363636364,1.0,1.0
ENSG00000131844,3.0,3.0,3.0,3.0,3.0
ENSG00000131873,4.2968700265252,4.4609706774519715,8.762463327921532,2.543823326432022,2.9074642126789367
ENSG00000132196,6.109717868338558,6.1362038664323375,6.501489572989077,6.634101941747573,6.258375922771153
ENSG00000132376,2.0,2.0,2.0,2.0,2.0
ENSG00000132388,0.01350966558040941,0.017901000126598312,0.007309124767225325,0.012866036430712477,0.01310655706655555
ENSG00000132570,1.5916253939666816,0.5087903437418001,0.9856000000000001,0.25649439431227783,0.28992935309599666
ENSG00000132664,2.0,2.0,2.0,2.0,2.0
ENSG00000133027,9.0,9.0,9.0,9.0,9.0
ENSG00000133247,0.009604785287841896,0.16901380228352014,0.03734378525829412,0.01672701020748651,0.09912587507612507
ENSG00000133275,0.09169550173010381,0.059273422562141485,0.25469728601252606,0.20775623268698065,0.1748427672955975
ENSG00000133313,5.0,5.0,5.0,5.0,5.0
ENSG00000133606,0.011437339829784548,0.02488922648436511,0.006447858472998134,0.008531242794558453,0.009564756240766695
ENSG00000133706,1.0,1.0,1.0,1.0,1.0
ENSG00000133731,3.0,3.0,3.0,3.0,3.0
ENSG00000133835,109.87635996809155,108.88337565630216,109.97880621452818,108.53027876202903,105.55861603453654
ENSG00000134014,0.0209559351227214,0.0173864273696018,0.023916292974588943,0.06521739130434781,0.052954048140043765
ENSG00000134202,5.491336078458268,7.892343501651462,1.8092140799340268,0.44023090744769416,0.2954453585615311
ENSG00000134255,4.111982082866742,4.567441860465117,5.400560224089635,4.563580874872838,4.376091336467428
ENSG00000134294,14.944348823866896,14.111913357400722,14.577902923035666,14.892753623188405,14.160345974717233
ENSG00000134324,8.743711728685824,2.5070496976480285,1.067762293037785,2.058717521628373,0.6538720843854741
ENSG00000134333,6.0,6.0,6.0,6.0,6.0
ENSG00000134440,1.0,1.0,1.0,1.0,1.0
ENSG00000134575,6.0,6.0,6.0,6.0,6.0
ENSG00000134684,1.0,1.0,1.0,1.0,1.0
ENSG00000134744,1.586610878661088,0.9999999999999999,1.1345454545454545,0.6504481434058899,1.2425068119891007
ENSG00000134758,0.002024867909007498,0.005443727054057478,0.005982309124767223,0.004058104680654832,0.002822076593810372
ENSG00000134852,0.11209989952633846,0.017386427369601797,0.06683749733077089,0.07928388746803068,0.08008752735229761
ENSG00000134882,1.0,1.0,1.0,1.0,1.0
ENSG00000135002,1.0,1.0,1.0,1.0,1.0
ENSG00000135047,2.865730011587485,0.6412639405204459,2.636744596382885,1.0677030067498463,0.9284622033109503
ENSG00000135241,0.8066896212493851,0.5002624671916011,0.649402390438247,0.4234234234234234,0.23462986198243416
ENSG00000135372,0.032610124917817236,0.01641329207587783,0.0359752670039348,0.02174926207860805,0.012276214833759591
ENSG00000135390,1.0,1.0,1.0,1.0,1.0
ENSG00000135655,0.06698044895003619,0.010728104115371083,0.052857465552292746,0.04840259428296901,0.03544267470225282
ENSG00000135679,0.004287025026101817,0.003114318268135208,0.0058659217877094945,0.009153792944431643,0.0035796810485245654
ENSG00000135778,2.0,2.0,2.0,2.0,2.0
ENSG00000135821,1.0,1.0,1.0,1.0,1.0
ENSG00000135940,2.0,2.0,2.0,2.0,2.0
ENSG00000136143,2.999267756895289,2.237175951461665,2.2046979865771807,0.4067796610169491,1.4153983885407342
ENSG00000136169,0.32656269978662444,0.3325755464288622,0.08600386907970767,0.12080618483184703,0.18457921565899157
ENSG00000136243,1.1817383669885866,1.2574349442379182,1.1030070377479206,1.0813688212927757,1.178696566222845
ENSG00000136247,0.014990138067061145,0.17355038342526566,0.03344575604272065,0.14696287090259436,0.1162148337595908
ENSG00000136448,0.797945205479452,0.9303557910673733,0.6828908554572272,0.7023856858846919,0.6214765100671141
ENSG00000136504,0.03703172097028851,0.05159842961301178,0.04035874439461883,0.03324808184143222,0.045951859956236324
ENSG00000136521,1.0,1.0,1.0,1.0,1.0
ENSG00000136536,0.020327775492770598,0.003899227750348148,0.012406890130353817,0.007240027668895551,0.005625213076252887
ENSG00000136628,2.0,2.0,2.0,2.0,2.0
ENSG00000136720,1.7924528301886795,1.5040650406504064,2.0579710144927534,1.8878923766816142,1.2971428571428572
ENSG00000136810,7.0,7.0,7.0,7.0,7.0
ENSG00000136856,3.0,3.0,3.0,3.0,3.0
ENSG00000136868,1.0,1.0,1.0,1.0,1.0
ENSG00000136877,19.0,19.0,19.0,19.0,19.0
ENSG00000136878,0.004646391503741251,0.0054519873373197305,0.00395301558617574,0.006245496036512131,0.0043047783039173474
ENSG00000136888,2.8592080222515014e-08,5.62137294550492e-08,3.0482565612236353e-08,3.787875583007373e-08,2.8592080222515014e-08
ENSG00000136908,2.0,2.0,2.0,2.0,2.0
ENSG00000137106,6.0,6.0,6.0,6.0,6.0
ENSG00000137168,0.012185929648241205,0.0023742799314961857,0.005983291939489725,0.0018242257175287823,0.0024220754880193763
ENSG00000137364,1.0,1.0,1.0,1.0,1.0
ENSG00000137770,0.09653356735410268,0.03977518374405534,0.3255676791506929,0.10844233055885852,0.04693942277196321
ENSG00000137817,0.06889352818371607,0.029693486590038315,0.06396938217605248,0.03713355048859935,0.08924103419516262
ENSG00000137944,6.0,6.0,6.0,6.0,6.0
ENSG00000137992,4.0,4.0,4.0,4.0,4.0
ENSG00000137996,1.0,1.0,1.0,1.0,1.0
ENSG00000138029,106.63583212317866,96.36251860019509,92.57250758971279,84.52188765889983,85.62354270830926
ENSG00000138363,2.0,2.0,2.0,2.0,2.0
ENSG00000138398,0.1537688442211055,0.02510509107893508,0.0798713027771506,0.0720366466677477,0.027306017704218446
ENSG00000138413,2.0,2.0,2.0,2.0,2.0
ENSG00000138449,2.8198307134220073,2.9407265774378586,2.8022690437601296,2.885174418604651,2.9555273189326554
ENSG00000138592,0.054067101134443636,0.04871614491734081,0.06516828552066861,0.0659380254624069,0.06873296025254698
ENSG00000138604,1.0,1.0,1.0,1.0,1.0
ENSG00000138621,2.0,2.0,2.0,2.0,2.0
ENSG00000138750,1.1194029850746268,1.2853159851301115,1.1541906589891235,1.1110266159695819,1.1366503153468817
ENSG00000138777,1.8454258675078863,3.0268656716417914,0.7248726262158407,1.2741249591102386,1.5535071942446042
ENSG00000138796,69.58662923861456,65.77767228109659,64.82209181833785,66.37032224721048,66.16316484979079
ENSG00000138801,4.0,4.0,4.0,4.0,4.0
ENSG00000138942,0.001534470212294746,0.003114318268135209,0.0022579143389199253,0.006317731150564908,0.003788022273570967
ENSG00000139163,0.7575757575757576,0.8004338394793927,0.7325581395348838,0.7129629629629629,0.8845144356955381
ENSG00000139180,1.0,1.0,1.0,1.0,1.0
ENSG00000139428,2.0,2.0,2.0,2.0,2.0
ENSG00000139433,1.0,1.0,1.0,1.0,1.0
ENSG00000139496,1.1984196663740123,1.028810408921933,1.1490722968650031,1.1665399239543726,1.2291520672740015
ENSG00000139505,0.14614808854892525,0.06924772005312788,0.3195606000213357,0.23608239674170373,0.13821019420920644
ENSG00000139624,1.3432835820895521,0.5040650406504066,0.4798761609907121,0.05681159420289855,0.18032786885245902
ENSG00000139684,1.0,1.0,1.0,1.0,1.0
ENSG00000139977,0.1620583717357911,0.053010659752232785,0.06172839506172841,0.08936936936936937,0.035626029654036245
ENSG00000140105,1.0,1.0,1.0,1.0,1.0
ENSG00000140367,0.005441832505457655,0.006228636536270418,0.009497206703910611,0.001314272538621167,0.00878821167468465
ENSG00000140374,0.4071624783803032,0.24999999999999992,0.297724399494311,0.2259988073941562,0.24472828962285542
ENSG00000140455,0.005491189958966931,0.07034822370735136,0.026767562683532857,0.024261349987989428,0.03974745300617018
ENSG00000140612,2.0,2.0,2.0,2.0,2.0
ENSG00000140740,1.0,1.0,1.0,1.0,1.0
ENSG00000140905,3.0,3.0,3.0,3.0,3.0
ENSG00000140990,1.0,1.0,1.0,1.0,1.0
ENSG00000141012,31.135885900723522,31.130253249387156,31.05075855147974,31.06692269392958,31.03902961134366
ENSG00000141179,1.0,1.0,1.0,1.0,1.0
ENSG00000141279,1.0383170548459804,0.33273056057866185,0.4412932501418037,0.4337899543378995,0.2513262599469496
ENSG00000141378,0.24844720496894412,0.03252885624344176,0.36120996441281145,0.2649789029535865,0.05985768103809126
ENSG00000141429,1.1271729185727355,0.24847250509164973,0.8009787928221859,0.7909669947886507,0.17306757413709287
ENSG00000141446,0.3538852639955669,0.12025453861961079,0.27110582365035,0.06815164377182209,0.1642918036779929
ENSG00000141504,0.5822267620020429,0.9455714444074936,0.27227517612929963,1.1730728838479312,1.959039455604266
ENSG00000141552,1.0,1.0,1.0,1.0,1.0
ENSG00000141560,0.45185891325071503,2.189910979228487,1.5876288659793816,0.3597560975609756,1.5662042875157631
ENSG00000141698,6.7868852459016376,12.512440191387562,5.943362831858408,5.744661095636027,4.8918474687705435
ENSG00000141873,0.34649122807017546,0.5,0.6064516129032258,0.5054773082942097,0.7348484848484849
ENSG00000141959,0.07146996329920803,2.4999999999999996,2.5775401069518717,4.765861027190333,3.9056603773584904
ENSG00000142168,3.0,3.0,3.0,3.0,3.0
ENSG00000142230,0.003749169487771696,0.003899227750348149,0.007378957169459959,0.004842056721235878,0.002803136482442515
ENSG00000142657,2.0,2.0,2.0,2.0,2.0
ENSG00000142892,5.0,5.0,5.0,5.0,5.0
ENSG00000143149,6.051411794773965,9.28435221536736,10.073248069247917,6.520197101412179,6.851151602753487
ENSG00000143153,0.000754550329669902,0.003041999450236702,4.900930107602801e-07,0.0027844191532769205,0.0028585681229482403
ENSG00000143156,2.913253012048191,2.823206585652684,1.9043583535108952,1.2663448881088197,4.228507629326384
ENSG00000143158,1.25,1.25,1.2440828402366864,1.235665286179172,1.2387707127607965
ENSG00000143179,0.7750413223140495,1.1021264449835877,2.80817843866171,1.0871212121212122,0.9892271523375891
ENSG00000143198,29.623470938241972,18.22445087740285,12.974424572448505,11.177770583430094,13.520733695620667
ENSG00000143207,0.0024361692030246485,0.005443727054057477,0.003933891992551208,0.006041042195065716,0.004034243721353082
ENSG00000143224,3.0,3.0,3.0,3.0,3.0
ENSG00000143252,1.0,1.0,1.0,1.0,1.0
ENSG00000143315,1.106265664160401,1.201954397394137,1.2139219015280136,1.2555870317909978,1.1201334816462736
ENSG00000143379,0.06723349701489327,0.16901380228352014,0.10976809606225844,0.10593773131408125,0.19141548290562077
ENSG00000143393,4.689922480620155,4.597402597402597,4.3229571984435795,3.482456140350877,3.8698224852071004
ENSG00000143398,14.0,14.0,14.0,14.0,14.0
ENSG00000143418,0.6567164179104478,1.4959349593495934,1.5201238390092882,1.9431884057971014,1.819672131147541
ENSG00000143641,0.24336688014638613,0.1262729124236253,0.3425774877650897,0.9982628836132021,0.13612056392805058
ENSG00000143653,1.0,1.0,1.0,1.0,1.0
ENSG00000143753,4.0,4.0,4.0,4.0,4.0
ENSG00000143774,3.0,3.0,3.0,3.0,3.0
ENSG00000143799,0.6413361169102296,0.7356321839080459,0.32476763258611263,0.46905537459283386,0.3911592994161801
ENSG00000143811,8.0,8.0,8.0,8.0,8.0
ENSG00000143815,0.3620689655172414,1.0,1.6966824644549763,0.516366612111293,0.6018957345971563
ENSG00000143819,45.0,45.0,45.0,45.0,45.0
ENSG00000143870,0.46524486571879947,0.23958333333333334,0.2870682730923695,0.17262541523562863,0.30198019801980197
ENSG00000143891,5.0,5.0,5.0,5.0,5.0
ENSG00000143933,0.3466681005125999,0.7906804234945041,0.34307373331605545,0.5195200270407302,0.3958978899217944
ENSG00000144048,0.038964458095655984,0.25248594898400345,0.41993512238277786,0.13222354340071346,0.14620995876942597
ENSG00000144182,2.0234056541748853,2.016413292075878,2.0250140528386735,2.0071461861115427,2.02230179028133
ENSG00000144231,2.0,2.0,2.0,2.0,2.0
ENSG00000144357,0.02102382383649194,0.0007849094822129385,0.004725325884543762,0.0074936592114364835,0.0016099094662676608
ENSG00000144659,1.0,1.0,1.0,1.0,1.0
ENSG00000144741,2.0,2.0,2.0,2.0,2.0
ENSG00000144744,0.016863353054703087,0.00311431826813521,0.006261638733705771,0.0035969564214895114,0.006307057085495663
ENSG00000145293,1.0,1.0,1.0,1.0,1.0
ENSG00000145391,0.491765006737505,0.16901380228352014,0.33948895689358294,1.1913348381109838,0.16407041391910357
ENSG00000145439,0.5030565461029037,0.5619517543859649,0.5213675213675215,0.8257666609559704,0.33601951796539997
ENSG00000145476,4.165424739195232,2.346153846153846,5.972972972972975,10.922932330827066,5.037500000000001
ENSG00000145494,1.0,1.0,1.0,1.0,1.0
ENSG00000145495,0.0180023412535198,0.003899227750348149,0.013128491620111721,0.01556375374682961,0.00912913367930603
ENSG00000145675,0.3893376413570275,0.2520325203252033,0.7002398081534772,0.504225352112676,0.3941018766756032
ENSG00000145725,4.025813692480359,1.192248062015504,2.3333333333333335,2.4578096947935366,1.8708644610458913
ENSG00000146085,1.0,1.0,1.0,1.0,1.0
ENSG00000146414,0.0029265668997374024,0.0007849094822129385,0.0067271880819366825,0.0034586119437399125,0.001268987461646275
ENSG00000146701,2.0,2.0,2.0,2.0,2.0
ENSG00000147123,1.0,1.0,1.0,1.0,1.0
ENSG00000147155,4.0,4.0,4.0,4.0,4.0
ENSG00000147162,0.8842105263157896,1.003257328990228,0.6078098471986417,0.2291469940195153,0.3359288097886541
ENSG00000147224,1.0,1.0,1.0,1.0,1.0
ENSG00000147416,5.995309285363131e-13,6.72012275482022e-13,1.690214622314951e-13,9.299099706882397e-13,5.995309285363116e-13
ENSG00000147454,1.0,1.0,1.0,1.0,1.0
ENSG00000147535,0.8808290155440414,5.2963671128107075,1.2890094979647218,1.0666104553119728,2.048066875653083
ENSG00000147548,0.6963469333685375,0.8396169532794227,0.8679600997912603,0.5817282438825865,0.8955510093084407
ENSG00000147669,2.0,2.0,2.0,2.0,2.0
ENSG00000147684,1.0,1.0,1.0,1.0,1.0
ENSG00000147813,1.0,1.0,1.0,1.0,1.0
ENSG00000147853,1.8671918182105267,1.8818274725726913,1.7999578492291886,2.047128843603577,1.3305674544601862
ENSG00000147854,0.0021039643117031046,0.0007849094822129385,0.005540037243947859,0.002789946967950197,0.0014205083525891133
ENSG00000147872,1.0,1.0,1.0,1.0,1.0
ENSG00000148057,1.0,1.0,1.0,1.0,1.0
ENSG00000148090,7.0,7.0,7.0,7.0,7.0
ENSG00000148154,2.0,2.0,2.0,2.0,2.0
ENSG00000148218,1.0,1.0,1.0,1.0,1.0
ENSG00000148229,0.04032073310423826,0.022619563646871847,0.04239707422728,0.04185404935565548,0.06603019704004282
ENSG00000148334,1.6207430340557276,1.4284053928405391,0.4342379958246346,0.7849978194505015,1.082169074117926
ENSG00000148356,0.0025469041667984956,0.0007849094822129385,0.001606145251396648,0.0015909614941203604,0.001155346793439145
ENSG00000148384,0.5409836065573771,1.0,1.0222222222222224,0.4793388429752066,0.6086956521739131
ENSG00000148634,0.00363843452399785,0.0015444993037093306,0.006378026070763497,0.004311736223195759,0.00462138717375658
ENSG00000148672,2.0,2.0,2.0,2.0,2.0
ENSG00000148832,6.006651884700665,6.398692810457517,6.126696832579185,6.044776119402985,6.1186891054030115
ENSG00000148834,9.034133548431333,4.754025785051094,6.723795610501076,21.65989751338685,4.0142393240509175
ENSG00000149016,0.04686192468619247,0.6630434782608696,0.26666666666666666,0.3329065300896287,0.4087193460490463
ENSG00000149084,33.42098026528632,29.77674174648196,34.55691322438379,31.62860992222085,29.607722159605142
ENSG00000149089,1.0,1.0,1.0,1.0,1.0
ENSG00000149091,2.0,2.0,2.0,2.0,2.0
ENSG00000149313,1.0,1.0,1.0,1.0,1.0
ENSG00000149476,1.0,1.0,1.0,1.0,1.0
ENSG00000149541,1.0,1.0,1.0,1.0,1.0
ENSG00000149809,4.637931034482759,4.0,3.3033175355450237,4.483633387888707,4.398104265402844
ENSG00000149925,1.0824742268041239,3.8739837398373984,3.042505592841163,0.19845644983461963,3.894736842105263
ENSG00000149929,2.0,2.0,2.0,2.0,2.0
ENSG00000150712,1.0,1.0,1.0,1.0,1.0
ENSG00000150768,1.25,1.25,1.25,1.25,1.25
ENSG00000150787,2.0,2.0,2.0,2.0,2.0
ENSG00000150867,1.5777777777777777,1.3333333333333333,3.423631123919308,2.253807106598985,2.1792114695340503
ENSG00000151092,1.0,1.0,1.0,1.0,1.0
ENSG00000151148,0.005995507324326891,0.003114318268135209,0.0033519553072625715,0.003919760202905236,0.0030682980415924844
ENSG00000151498,0.10976161411670302,0.2443404624080298,0.3388429752066116,0.23304611402434594,0.20793141683294492
ENSG00000151552,2.0,2.0,2.0,2.0,2.0
ENSG00000151576,0.4264705882352941,0.07634543178973717,0.39856801909307876,0.22437673130193905,0.09049255441008018
ENSG00000151665,6.0,6.0,6.0,6.0,6.0
ENSG00000151689,2.0,2.0,2.0,2.0,2.0
ENSG00000151726,90.4217593657909,66.67736537684357,19.293427860555852,140.02919230794927,119.98955461074264
ENSG00000151729,0.9500670740795945,0.18718020022246945,0.07798304058146577,0.1702388242498469,0.04989169170568095
ENSG00000152234,1.0,1.0,1.0,1.0,1.0
ENSG00000152465,0.20205479452054795,0.0696442089326268,0.3171091445427729,0.29761431411530814,0.37852348993288587
ENSG00000152484,0.01786145305334299,0.0432641575800211,0.04032075897899254,0.026062935383137163,0.030563925957813168
ENSG00000152556,3.8584122078423793,1.6301272984441302,0.6791443850267378,0.2039274924471299,0.8459119496855345
ENSG00000152620,1.0,1.0,1.0,1.0,1.0
ENSG00000152904,2.8225806451612905,2.3466135458167328,1.3566775244299674,1.0847205707491083,1.899125364431487
ENSG00000153015,0.05841708542713568,0.007161762416316365,0.015240460600587034,0.004134911626398573,0.00602635448804821
ENSG00000153574,2.0,2.0,2.0,2.0,2.0
ENSG00000153786,0.07337278106508877,0.01641329207587783,0.034851039910061846,0.02734192947025012,0.017391304347826087
ENSG00000153827,0.021735691460752375,0.003899227750348148,0.014711359404096834,0.009868572746137888,0.006231296640024245
ENSG00000153936,2.2075471698113205,2.4959349593495936,1.9420289855072461,2.1121076233183858,2.702857142857143
ENSG00000154518,1.0,1.0,1.0,1.0,1.0
ENSG00000154723,1.0,1.0,1.0,1.0,1.0
ENSG00000155097,3.247233128769082e-12,2.3599658136291914e-13,4.0753582451450495e-12,1.277895089406189e-12,3.2472331287690705e-12
ENSG00000155189,0.4544179523141655,1.844611528822055,1.753327417923691,2.179294389820706,1.4786117836965291
ENSG00000155313,0.04217958001448226,0.01072810411537108,0.026654619381070697,0.020057650732644722,0.019801980198019802
ENSG00000155368,20.0,20.0,20.0,20.0,20.0
ENSG00000155561,1.0430201931518877,1.028810408921933,1.0601407549584132,1.0661596958174906,1.0273300630693762
ENSG00000155660,0.12243285939968404,0.04036458333333334,0.09526104417670682,0.25584145036878553,0.1469678217821782
ENSG00000155827,0.00037966273293890587,0.0015444993037093306,0.0037942271880819353,0.003666128660364308,0.0020834122504640325
ENSG00000155850,5.0,5.0,5.0,5.0,5.0
ENSG00000156110,1.872340425531915,1.6422764227642275,0.9,1.905194805194805,1.6578171091445428
ENSG00000156136,4.127659574468085,4.357723577235772,5.1,4.094805194805195,4.342182890855457
ENSG00000156256,0.10384986724595706,0.21614491734083707,0.06663654845267675,0.11722315637761226,0.13086526043908736
ENSG00000156411,1.0,1.0,1.0,1.0,1.0
ENSG00000156467,1.0,1.0,1.0,1.0,1.0
ENSG00000156471,1.0,1.0,1.0,1.0,1.0
ENSG00000156508,0.4115988229524277,0.8795954555764034,0.8741034443853458,0.7432406437685682,0.8919937391487346
ENSG00000156515,12.0,12.0,12.0,12.0,12.0
ENSG00000156587,0.0006327712215648435,0.016331181162172425,0.014245810055865914,0.010675582199677198,0.00693208076063487
ENSG00000156599,0.06522024983563447,0.016413292075877835,0.058459808881394064,0.04008078297343483,0.020664961636828644
ENSG00000156650,0.12645327974738055,0.06898485698261358,0.07623318385650225,0.06649616368286444,0.04814004376367616
ENSG00000156795,0.3469656992084433,0.27994791666666663,0.12133333333333331,0.1201716738197425,0.19091847265221884
ENSG00000156873,0.0029393841631716665,0.006204059612920628,0.006025657638978878,0.0192665201960453,0.014866460085583592
ENSG00000156958,2.0,2.0,2.0,2.0,2.0
ENSG00000157020,1.0,1.0,1.0,1.0,1.0
ENSG00000157045,0.09102902374670184,0.39973958333333337,0.7466666666666665,0.36623748211731044,0.37048503611971106
ENSG00000157184,40.39783281733749,66.5474254742548,38.364532019704434,49.53719008264462,41.19975339087549
ENSG00000157349,1.0,1.0,1.0,1.0,1.0
ENSG00000157426,0.1749039484254154,0.30375430810693416,0.5732165602575968,0.0767202808781569,0.1192163282922109
ENSG00000157593,1.0,1.0,1.0,1.0,1.0
ENSG00000157870,1.0,1.0,1.0,1.0,1.0
ENSG00000157881,1.0,1.0,1.0,1.0,1.0
ENSG00000158006,0.06155075939248602,0.09690230341540905,0.056973293768545985,0.3561643835616438,0.15730337078651685
ENSG00000158470,6.9697943488859115,4.73999787565501,9.782711288883773,3.3264112985999934,8.652427115399538
ENSG00000158623,0.11038712150249139,0.021811785400175903,0.0710594315245478,0.047362755651237896,0.04645323289391085
ENSG00000158669,61.0,61.0,61.0,61.0,61.0
ENSG00000158850,4.071410534104636,8.156736279461978,4.292724639818518,1.4222398679239028,5.01552823737357
ENSG00000158864,1.0,1.0,1.0,1.0,1.0
ENSG00000159063,2.0,2.0,2.0,2.0,2.0
ENSG00000159131,3.0,3.0,3.0,3.0,3.0
ENSG00000159199,1.0,1.0,1.0,1.0,1.0
ENSG00000159202,0.00669155566804822,0.006228636536270418,0.009357541899441341,0.006225501498731846,0.005113830069320808
ENSG00000159228,34.0,34.0,34.0,34.0,34.0
ENSG00000159267,4.0,4.0,4.0,4.0,4.0
ENSG00000159348,0.4864070536370315,0.11685823754789272,0.12743362831858407,0.13774934136243883,0.1726962457337884
ENSG00000159423,8.109659356042933,8.916170407695835,8.465879265091864,9.238036903759285,9.414331598183631
ENSG00000159459,0.005647483152466228,0.0007849094822129385,0.006005586592178771,0.0018215356237030215,0.0017424902458426453
ENSG00000159461,0.0025627234473376164,0.007773135839979747,0.004934823091247674,0.03087387595111829,0.008731391340581082
ENSG00000159593,0.8077889447236181,0.684931506849315,0.5325884543761639,0.29716399506781754,0.4892655367231638
ENSG00000159692,0.6788079470198677,0.02832602339181287,0.9857549857549857,0.618468391296899,0.13122874463995268
ENSG00000159720,0.07456899187038768,0.3623809187288007,0.15647402897125107,0.15346893035172793,0.3408427430696112
ENSG00000159921,3.0,3.0,3.0,3.0,3.0
ENSG00000160014,0.12883105710291426,0.08082136354440624,0.05578592717377218,0.10714889302011157,0.13726575180758452
ENSG00000160087,0.0031638561078242157,0.006228636536270418,0.0073324022346368655,0.0064099608023979755,0.013655820296223335
ENSG00000160194,1.0,1.0,1.0,1.0,1.0
ENSG00000160209,3.0,3.0,3.0,3.0,3.0
ENSG00000160211,2.0,2.0,2.0,2.0,2.0
ENSG00000160216,4.1284122315597,2.176741492720972,1.5222293801379991,3.734558195515299,2.800677966101695
ENSG00000160439,1.403718797758533,1.0283260233918128,1.2763532763532763,1.0556792873051224,1.017743604909064
ENSG00000160688,1.0,1.0,1.0,1.0,1.0
ENSG00000160714,0.005125446894675233,0.00311431826813521,0.007774674115456237,0.00740142955960342,0.003522860714421001
ENSG00000160752,3.1774193548387095,3.6533864541832672,4.643322475570033,4.915279429250892,4.100874635568513
ENSG00000161013,1.0053191489361704,0.7973856209150327,0.7135549872122763,1.8183934807916182,0.9584245076586432
ENSG00000161217,2.0,2.0,2.0,2.0,2.0
ENSG00000161267,0.717425431711146,0.15308075009567546,0.0790960451977401,0.5538461538461539,0.0407425865935709
ENSG00000161533,101.1372046127689,98.83432979817594,101.46252045388306,102.0824802947166,99.93181073418886
ENSG00000161980,2.0,2.0,2.0,2.0,2.0
ENSG00000162066,1.0,1.0,1.0,1.0,1.0
ENSG00000162174,2.0,2.0,2.0,2.0,2.0
ENSG00000162368,41.0,41.0,41.0,41.0,41.0
ENSG00000162408,0.892278360343184,1.6379821958456975,1.7319587628865982,0.2865853658536585,0.7490542244640606
ENSG00000162433,0.5855800020752223,0.13473039707812215,0.33378522934386917,0.7850876987650954,1.0967086488501925
ENSG00000162496,2.0,2.0,2.0,2.0,2.0
ENSG00000162607,0.025645667390779628,0.027084066127330275,0.04303139823808447,0.024861878453038666,0.01922800975749749
ENSG00000162688,3.0,3.0,3.0,3.0,3.0
ENSG00000162694,0.4391691394658754,0.5,0.5689655172413793,0.6265060240963856,0.7829457364341086
ENSG00000162813,2.0,2.0,2.0,2.0,2.0
ENSG00000163002,1.0667251975417031,1.0566914498141264,1.0665387076135637,1.0920152091254753,1.0974071478626488
ENSG00000163281,0.646875,0.41734417344173447,0.5121107266435987,0.1625,0.14636871508379887
ENSG00000163344,2.0,2.0,2.0,2.0,2.0
ENSG00000163399,1.7020345217315577e-07,7.255707537838522e-06,0.00016598236903649297,5.757746893574621e-06,9.98624968224885e-06
ENSG00000163481,0.00014237352485208977,0.002329408785922268,0.0016527001862197395,0.0014295596034124974,0.0026137353687639684
ENSG00000163541,1.4999999106366724,1.4030165784952637,1.3945824512409348,0.3792013789141051,1.0815062888267832
ENSG00000163655,2.0,2.0,2.0,2.0,2.0
ENSG00000163719,0.07792891619131198,0.07955036748811067,0.231200235918608,0.14839476813317481,0.11417697431018078
ENSG00000163738,3.0,3.0,3.0,3.0,3.0
ENSG00000163743,0.012180846015123238,0.01868590960881125,0.0045158286778398515,0.005095688263776807,0.014091442857684005
ENSG00000163754,2.0,2.0,2.0,2.0,2.0
ENSG00000163755,0.025477707006369425,0.0005928200742482848,0.00445453377307577,0.0009434883039984383,0.001101366719259062
ENSG00000163812,0.10019723865877712,0.17355038342526563,0.09499718943226533,0.09445393816995494,0.0519693094629156
ENSG00000163864,4.0,4.0,4.0,4.0,4.0
ENSG00000163882,2.0,2.0,2.0,2.0,2.0
ENSG00000163902,0.25,0.25,0.25,0.25,0.25
ENSG00000163931,2.0,2.0,2.0,2.0,2.0
ENSG00000163964,1.0,1.0,1.0,1.0,1.0
ENSG00000164039,0.5118155260066329,2.8690318230037395,1.8496788835771891,1.241082747986979,3.8052577091331763
ENSG00000164068,1.000110734963774,1.000784909482213,1.0010940409683426,1.005210975328568,1.0015909693548999
ENSG00000164134,0.23003072196620583,0.017574186113511955,0.1283950617283951,0.06738738738738738,0.03191927512355849
ENSG00000164172,1.0,1.0,1.0,1.0,1.0
ENSG00000164258,1.0,1.0,1.0,1.0,1.0
ENSG00000164329,0.16220411331005044,0.2101656196459166,0.29722589167767505,0.32581100141043723,0.3355176933158585
ENSG00000164347,0.01213830308974988,0.0018969463287902837,0.0012733104459810136,0.0048090281488447646,0.0005918871994528331
ENSG00000164405,1.0,1.0,1.0,1.0,1.0
ENSG00000164414,2.0,2.0,2.0,2.0,2.0
ENSG00000164466,1.9205020920502092,1.7789855072463767,1.4545454545454546,1.9914712153518124,1.778534923339012
ENSG00000164494,1.0,1.0,1.0,1.0,1.0
ENSG00000164574,0.051235132662397063,0.24847250509164973,0.3050570962479608,0.05211349160393746,0.023334953816237236
ENSG00000164687,73.0,73.0,73.0,73.0,73.0
ENSG00000164733,5.2643395133256075,1.4986059479553904,2.410123511248346,2.2785845776232367,2.6208363805598034
ENSG00000164776,0.0007527691149585975,0.0010452491739159754,0.005831281586108591,0.021801588642893364,0.0068614431164231975
ENSG00000164889,1.0,1.0,1.0,1.0,1.0
ENSG00000164904,7.722482152216114,10.682332725392296,9.760551104513116,7.242591222858871,12.53508261664051
ENSG00000164919,2.0,2.0,2.0,2.0,2.0
ENSG00000164951,1.0,1.0,1.0,1.0,1.0
ENSG00000164978,2.0,2.0,2.0,2.0,2.0
ENSG00000165060,0.4628450106157113,0.0011953585103694922,0.005525335160834368,0.012981097699840582,0.0014292154170850151
ENSG00000165264,1.0,1.0,1.0,1.0,1.0
ENSG00000165406,0.003432783876989277,0.0015444993037093309,0.0023510242085661077,0.004888171547152413,0.002215993030039017
ENSG00000165434,1.0,1.0,1.0,1.0,1.0
ENSG00000165526,1.0,1.0,1.0,1.0,1.0
ENSG00000165609,0.1595197255574614,1.8955479452054795,1.6860465116279069,2.22629409070087,2.0092378752886835
ENSG00000165629,1.0,1.0,1.0,1.0,1.0
ENSG00000165671,0.44854347294221664,0.6706031509959027,0.42322956626066677,0.29179340028615364,0.5571557806002894
ENSG00000165672,0.4607776724021135,0.3294946097714784,0.13250366032210836,0.20493101108346531,0.23009212432683634
ENSG00000165688,0.09548047389205791,0.10635538261997407,0.23002064287820698,0.5222354340071345,0.1366952109102442
ENSG00000165704,3.0,3.0,3.0,3.0,3.0
ENSG00000165782,1.0,1.0,1.0,1.0,1.0
ENSG00000165819,1.0,1.0,1.0,1.0,1.0
ENSG00000166135,0.14146868250539954,0.6260162601626016,0.12774193548387097,0.15530903328050716,0.4279176201372997
ENSG00000166136,1.0,1.0,1.0,1.0,1.0
ENSG00000166165,2.0,2.0,2.0,2.0,2.0
ENSG00000166169,0.030927835051546396,0.07301587301587302,0.04457897633461751,0.08599290780141843,0.0788243152972612
ENSG00000166224,4.0,4.0,4.0,4.0,4.0
ENSG00000166228,5.408374606033318,6.491209656258199,6.014400000000001,6.743505605687721,6.710070646904002
ENSG00000166311,3.0,3.0,3.0,3.0,3.0
ENSG00000166340,3.6170336037079953,3.2160780669144984,3.706329951477724,3.67805277152792,3.3939232763779
ENSG00000166411,1.0,1.0,1.0,1.0,1.0
ENSG00000166548,3.0,3.0,3.0,3.0,3.0
ENSG00000166562,2.0,2.0,2.0,2.0,2.0
ENSG00000166747,0.19221105527638194,0.3150684931506849,0.46741154562383613,0.7028360049321826,0.5107344632768361
ENSG00000166794,0.004585427135678392,0.027518293632259074,0.16030706705802664,0.18080103778174153,0.062108935728496885
ENSG00000166908,2.4222222222222225,2.6666666666666665,0.5763688760806917,1.7461928934010151,1.82078853046595
ENSG00000166986,2.0,2.0,2.0,2.0,2.0
ENSG00000167004,0.23657187993680884,0.2799479166666667,0.3310843373493976,0.1577613873092731,0.27939356435643564
ENSG00000167186,2.0,2.0,2.0,2.0,2.0
ENSG00000167283,1.0,1.0,1.0,1.0,1.0
ENSG00000167315,67.86846710031112,71.15875258951112,68.63754344499588,78.32149623609155,74.87702583172178
ENSG00000167325,3.5,3.5,3.5,3.5,3.5
ENSG00000167397,1.0,1.0,1.0,1.0,1.0
ENSG00000167468,3.9904808203853284,6.52779033266915,4.3067890569452665,4.32887943902244,7.262542522984076
ENSG00000167508,2.0,2.0,2.0,2.0,2.0
ENSG00000167658,0.3472290338401177,0.07857893977195407,0.08784230291894335,0.15551328360442007,0.07067790813910664
ENSG00000167699,0.20324427480916032,0.3966119924710944,0.33421516754850084,0.3755274261603375,0.5732137135533483
ENSG00000167703,4.456896551724137,6.0828402366863905,2.6822316555488177,2.3947368421052637,4.02535983550377
ENSG00000167733,0.04075394803871625,0.16812865497076027,0.16239316239316237,0.02569813260236423,0.12383557592784264
ENSG00000167792,1.0,1.0,1.0,1.0,1.0
ENSG00000167815,0.07790272320823736,0.4693102309239964,0.2922767203513909,0.29137160057766265,0.28700691615866164
ENSG00000167862,0.6842650103519669,0.38719832109129065,0.3202846975088968,0.4573839662447257,0.43239849309334455
ENSG00000167863,1.0,1.0,1.0,1.0,1.0
ENSG00000167969,61.72649675860253,62.41656876415378,62.812311674538165,63.69851919602712,61.775358827441295
ENSG00000167996,0.5116772823779193,0.9982118214153822,0.9900201310660898,0.9860754139961609,0.9974694178636558
ENSG00000168002,2.0,2.0,2.0,2.0,2.0
ENSG00000168003,35.59875462440897,34.80524640591289,37.739865421415516,37.71250953470633,36.814294189779005
ENSG00000168092,0.34852118305355717,0.7323272438443209,0.7465875370919881,0.847358121330724,0.5944841675178754
ENSG00000168137,0.6141592920353983,0.6630434782608696,0.8345864661654135,0.8127490039840638,0.7336683417085428
ENSG00000168159,0.007197772645300094,0.026459045448790998,0.007472067039106145,0.013926677426792718,0.022065229743550893
ENSG00000168291,0.5,0.5,0.48977143595041317,0.5,0.5
ENSG00000168393,6.0,6.0,6.0,6.0,6.0
ENSG00000168411,0.0003954820134780271,0.0015444993037093306,0.0016061452513966472,0.0014756744293290297,0.0007765445660820484
ENSG00000168495,2.0,2.0,2.0,2.0,2.0
ENSG00000168522,1.0,1.0,1.0,1.0,1.0
ENSG00000168575,2.0,2.0,2.0,2.0,2.0
ENSG00000168653,1.0,1.0,1.0,1.0,1.0
ENSG00000168765,0.5552145288763772,0.923476265889584,0.35104153789764675,0.9609918589406977,0.8796968541438858
ENSG00000168827,0.04450711132908289,0.00031959421843749355,0.005592895250068503,0.012268365144163977,0.002130793918030199
ENSG00000168906,0.24556213017751483,0.4767801857585139,1.440984793627806,0.8264984227129337,1.0971103742302226
ENSG00000169020,1.0,1.0,1.0,1.0,1.0
ENSG00000169021,1.0,1.0,1.0,1.0,1.0
ENSG00000169100,0.015456849008794158,0.3521412680756396,0.5796486977589339,0.2455603184323331,0.4565718677940046
ENSG00000169180,0.07473309608540925,0.16756756756756758,0.20069204152249132,0.20140515222482433,0.1496881496881497
ENSG00000169299,2.0435865504358652,2.104631217838765,2.6604278074866308,2.0482142857142858,2.160179640718563
ENSG00000169738,1.0,1.0,1.0,1.0,1.0
ENSG00000169764,1.0,1.0,1.0,1.0,1.0
ENSG00000169814,4.0,4.0,4.0,4.0,4.0
ENSG00000169919,14.0,14.0,14.0,14.0,14.0
ENSG00000170035,0.007055399120448005,0.049018863147233846,0.012872439478584732,0.014088079317500574,0.02969809462479639
ENSG00000170142,0.00020565064700857412,0.010887454108114954,0.01038175046554935,0.005187917915609871,0.008144247888177582
ENSG00000170222,1.195540308747856,1.2363013698630136,1.2286821705426356,1.1374255611543747,1.1593533487297922
ENSG00000170242,0.11700458604875694,0.043264157580021084,0.04653264061441155,0.054407878933461426,0.028985507246376805
ENSG00000170266,43.929108851664196,44.49278954069603,43.554908800633406,44.544263056395934,44.03027712808757
ENSG00000170430,1.0,1.0,1.0,1.0,1.0
ENSG00000170445,1.0,1.0,1.0,1.0,1.0
ENSG00000170502,3.644939965694683,1.8681506849315068,2.0852713178294575,1.636280348144755,1.8314087759815243
ENSG00000170634,1.863058630586306,1.06205493387589,0.9930715935334874,1.8894575230296826,1.4210526315789473
ENSG00000170734,0.05097365406643758,0.048412698412698414,0.04788112272977436,0.08687943262411348,0.030060120240480957
ENSG00000170832,0.007844557084238474,0.0054519873373197305,0.014795572622543478,0.01573384578429017,0.01234036447122973
ENSG00000170881,0.0032113139494415817,0.003114318268135209,0.005121042830540038,0.007124740604104224,0.003333459600742453
ENSG00000170906,1.0,1.0,1.0,1.0,1.0
ENSG00000171155,0.3376865671641791,0.6013071895424836,0.645,0.5642458100558659,0.36008230452674894
ENSG00000171298,3.306273062730627,2.5040650406504064,3.5,3.25503355704698,3.447698744769875
ENSG00000171307,0.02182774490466799,0.024754473294766568,0.029229904440697032,0.06990834239552585,0.03744245524296675
ENSG00000171314,1.5517241379310347,1.4444109671587828,1.7080979284369116,1.93992673992674,1.5328898743532888
ENSG00000171453,2.0,2.0,2.0,2.0,2.0
ENSG00000171497,0.060427135678391974,0.01436244745446053,0.015409799051704672,0.009121128587643912,0.010178483896081426
ENSG00000171503,0.18099501475226373,0.04802878598247808,0.09987357774968394,0.04782349433512224,0.01806363842491119
ENSG00000171766,1.0,1.0,1.0,1.0,1.0
ENSG00000171862,7.0,7.0,7.0,7.0,7.0
ENSG00000171960,0.015515075376884423,0.011949244901136542,0.015466245202077216,0.00664828928166045,0.011274184712090194
ENSG00000172009,1.0,1.0,1.0,1.0,1.0
ENSG00000172046,0.006698044895003621,0.016180091452690813,0.00914840749943528,0.011530146528945467,0.010905438369923946
ENSG00000172053,1.0,1.0,1.0,1.0,1.0
ENSG00000172113,4.260240963855423,3.4449235593884735,2.2033898305084754,1.369021500658184,1.5868998883513206
ENSG00000172331,0.4482758620689655,0.5555890328412173,0.2919020715630885,0.06007326007326007,0.467110125646711
ENSG00000172339,0.32142857142857145,0.41734417344173447,0.2345415778251599,0.5,0.3940476190476191
ENSG00000172340,3.0007322431047108,3.7628240485383335,3.795302013422819,5.593220338983051,4.584601611459266
ENSG00000172456,1.830314585319352,1.086053412462908,0.8556701030927834,4.920731707317073,3.298865069356873
ENSG00000172831,2.3143939393939394,2.1816386969397827,2.2098635886673663,2.785926476049016,2.43953394937726
ENSG00000172890,3.0,3.0,3.0,3.0,3.0
ENSG00000172893,5.0,5.0,5.0,5.0,5.0
ENSG00000172977,0.0004306014066312617,0.08637128435221539,0.03993166773435832,0.034846547314578,0.12866520787746172
ENSG00000173020,1.0,1.0,1.0,1.0,1.0
ENSG00000173085,1.0,1.0,1.0,1.0,1.0
ENSG00000173221,0.6393026941362916,0.9805717896066972,0.6504702194357367,0.8561175666438824,0.9345124282982792
ENSG00000173273,0.06889352818371608,0.02969348659003832,0.07873154729360304,0.10879478827361565,0.058381984987489574
ENSG00000173418,0.6832419854752361,1.0786845536829284,0.537441619997363,0.5912074759239586,0.9011229812460761
ENSG00000173486,0.003015075376884422,0.028724894908921068,0.01428087604425378,0.05845629965947785,0.054929211960439435
ENSG00000173598,2.0,2.0,2.0,2.0,2.0
ENSG00000173660,1.0,1.0,1.0,1.0,1.0
ENSG00000173786,2.0,2.0,2.0,2.0,2.0
ENSG00000173915,1.0,1.0,1.0,1.0,1.0
ENSG00000174080,0.8581981460023177,0.42518587360594806,0.3903837670930744,0.5655553282879936,0.3251113622764445
ENSG00000174165,0.015516107823800133,0.008341181218888738,0.07054525014052841,0.04878048780487804,0.061585677749360614
ENSG00000174437,0.9754969703412353,0.5,0.643312101910828,0.8109339407744875,0.5420289855072463
ENSG00000174886,1.0,1.0,1.0,1.0,1.0
ENSG00000174915,1.0,1.0,1.0,1.0,1.0
ENSG00000175066,1.1676300578034682,0.5674418604651162,1.5694444444444444,0.42288557213930345,0.07906295754026355
ENSG00000175198,1.0,1.0,1.0,1.0,1.0
ENSG00000175309,1.0,1.0,1.0,1.0,1.0
ENSG00000175482,0.007331042382588776,0.0009918054781513819,0.01815204076197916,0.005668720003023317,0.043137206089197015
ENSG00000175806,1.0,1.0,1.0,1.0,1.0
ENSG00000175893,0.06916502301117687,0.016413292075877835,0.05199550309162452,0.03107037439801149,0.022097186700767265
ENSG00000176095,0.28731762065095395,0.37829457364341085,0.7774011299435027,0.689407540394973,0.48665955176093917
ENSG00000176340,2.0,2.0,2.0,2.0,2.0
ENSG00000176393,0.14929577464788732,0.17624521072796934,0.36276083467094705,0.7201210287443268,0.46601146601146604
ENSG00000176485,4.719406674907293,5.0672451193058565,5.389830508474577,5.059616940922578,5.8659961544150265
ENSG00000176974,1.0,1.0,1.0,1.0,1.0
ENSG00000177000,2.0,2.0,2.0,2.0,2.0
ENSG00000177156,1.0,1.0,1.0,1.0,1.0
ENSG00000177239,1.0477611940298508,7.176470588235296,5.070422535211267,3.119747899159663,8.33108108108108
ENSG00000177542,1.0,1.0,1.0,1.0,1.0
ENSG00000177646,1.3040595120178295,3.6203671321119275,6.687613522313464,1.9937227516891483,1.6519310557269056
ENSG00000177666,1.8714841788046208,3.265665766030743,7.494379251096349,3.497927233529864,2.8657617531475412
ENSG00000177700,2.0,2.0,2.0,2.0,2.0
ENSG00000177889,0.017828329167589464,0.03891631852133182,0.018831471135940414,0.014918146183998159,0.0319140876548354
ENSG00000178035,1.0,1.0,1.0,1.0,1.0
ENSG00000178127,1.0,1.0,1.0,1.0,1.0
ENSG00000178234,0.4354986276303751,1.2505091649694502,0.3621533442088091,0.1563404748118124,1.5780262518230432
ENSG00000178741,2.0,2.0,2.0,2.0,2.0
ENSG00000178802,1.0,1.0,1.0,1.0,1.0
ENSG00000178922,1.0,1.0,1.0,1.0,1.0
ENSG00000178952,0.09330554193231978,0.030103713478628422,0.017391164192576122,0.04982153162203177,0.027627979165570582
ENSG00000179085,2.0,2.0,2.0,2.0,2.0
ENSG00000179091,1.0,1.0,1.0,1.0,1.0
ENSG00000179115,1.0,1.0,1.0,1.0,1.0
ENSG00000179163,4.0,4.0,4.0,4.0,4.0
ENSG00000179958,1.0,1.0,1.0,1.0,1.0
ENSG00000180011,4.002821442966546,3.6218365871294287,4.111111111111111,3.433453237410072,3.2402826855123674
ENSG00000180185,2.0,2.0,2.0,2.0,2.0
ENSG00000180233,0.0006011326604866011,0.0007849094822129386,0.0018156424581005587,0.008185381600184461,0.005378991628470776
ENSG00000180773,4.0,4.0,4.0,4.0,4.0
ENSG00000180776,0.019197896120973047,0.008341181218888737,0.08122540753232153,0.06369426751592357,0.012685421994884911
ENSG00000180817,2.6656151419558363,1.7895522388059704,4.159333024548403,2.8181223421655215,2.9996627697841727
ENSG00000181090,0.15367656460547033,0.1690138022835202,0.3338308076120232,0.6300507178153254,0.48537497451068146
ENSG00000181191,0.0012180846015123242,0.0015444993037093306,0.0010940409683426445,0.0003919760202905235,0.00125004735027842
ENSG00000181192,1.1837524177949708,1.3668639053254439,0.8843283582089553,2.7021182700794353,1.53680981595092
ENSG00000181222,2.0,2.0,2.0,2.0,2.0
ENSG00000181555,0.7558966021531572,0.1690138022835202,0.5624200385870357,0.5296886565704062,0.42384856929101766
ENSG00000181788,0.0032745910715980655,0.0007849094822129385,0.004306331471135941,0.011805395434632238,0.003030417818856776
ENSG00000181789,0.3495592180912227,0.17308707124010556,0.2661498708010336,0.481162540365985,0.20213433772755807
ENSG00000181852,0.004144651501249725,0.003114318268135209,0.004422718808193668,0.003204980401198987,0.0036933217167316955
ENSG00000181915,1.0,1.0,1.0,1.0,1.0
ENSG00000182054,1.0,1.0,1.0,1.0,1.0
ENSG00000182551,2.0,2.0,2.0,2.0,2.0
ENSG00000182670,0.028617078495270044,0.02567413596657805,0.01771415270018621,0.018215356237030213,0.01702716011970151
ENSG00000183648,1.0,1.0,1.0,1.0,1.0
ENSG00000183696,2.0,2.0,2.0,2.0,2.0
ENSG00000183828,1.0,1.0,1.0,1.0,1.0
ENSG00000184076,1.0,1.0,1.0,1.0,1.0
ENSG00000184207,1.0,1.0,1.0,1.0,1.0
ENSG00000184432,1.7033346109620544,0.15127528583992964,0.6976744186046511,0.48331539289558667,0.23226616446955428
ENSG00000184470,1.3842364532019706,2.7575757575757582,1.604724409448819,2.170863309352518,2.702227432590856
ENSG00000184752,1.0,1.0,1.0,1.0,1.0
ENSG00000184787,0.01178536400164521,0.007013546018483354,0.012895716945996276,0.014456997924832835,0.0063828175309670835
ENSG00000184983,1.0,1.0,1.0,1.0,1.0
ENSG00000185420,0.04744920270208654,0.5654308782336466,0.07823242317956301,0.047882932393364774,0.3023186206514461
ENSG00000185624,0.42575039494470773,0.6901041666666666,0.536586345381526,0.6637717470863127,0.5216584158415842
ENSG00000185651,0.01691081089632044,0.041245727307254086,0.02679236499068901,0.04551533317961727,0.04668737452176221
ENSG00000185808,1.9142300194931774,1.930493273542601,1.5049019607843137,1.7701375245579567,1.7654723127035832
ENSG00000185825,1.8803894297635604,0.6777163904235726,4.59493670886076,5.0758988015978685,1.897639751552795
ENSG00000186010,1.0,1.0,1.0,1.0,1.0
ENSG00000186104,1.0,1.0,1.0,1.0,1.0
ENSG00000186141,2.0,2.0,2.0,2.0,2.0
ENSG00000186153,0.11079979623025982,0.337171052631579,0.21937321937321938,0.18845297241733766,0.10794026319680614
ENSG00000186184,2.0,2.0,2.0,2.0,2.0
ENSG00000186187,0.0031322175467459754,0.0007849094822129384,0.006540968342644321,0.002582430251325802,0.0010038259024963065
ENSG00000186591,0.021957161388300075,0.007013546018483354,0.014571694599627562,0.015287064791330417,0.009356415015720295
ENSG00000186908,0.06574621959237345,0.008341181218888737,0.07166947723440135,0.03013826316607115,0.010434782608695651
ENSG00000187024,0.06728778467908902,0.5802728226652676,0.3185053380782918,0.2776371308016877,0.5077438258685643
ENSG00000187097,2.850890682537967,4.488753351213175,3.0608437237451094,5.464246784057843,4.579140160179927
ENSG00000187531,0.05672823218997361,0.16015625000000003,0.21066666666666664,0.2145922746781116,0.15479876160990713
ENSG00000187555,0.06420468259715183,0.0054519873373197305,0.046419697311949386,0.040835935623348536,0.017506098435930546
ENSG00000187630,3.0,3.0,3.0,3.0,3.0
ENSG00000188690,1.0,1.0,1.0,1.0,1.0
ENSG00000189043,3.0,3.0,3.0,3.0,3.0
ENSG00000189283,1.0,1.0,1.0,1.0,1.0
ENSG00000196262,0.09974874371859298,0.5407130624318854,0.36588394671483404,0.315955894275985,0.4899801043799198
ENSG00000196313,1.0,1.0,1.0,1.0,1.0
ENSG00000196470,0.0021356028727813467,0.007013546018483354,0.007635009310986967,0.004611482591653218,0.005606272964885035
ENSG00000197119,55.0,55.0,55.0,55.0,55.0
ENSG00000197448,18.750581394033944,16.92073992534121,17.30969830113662,17.992055324140665,17.14401788478826
ENSG00000197530,0.001123168918277597,0.0015444993037093304,0.002956238361266295,0.001890707862577819,0.00367438160536384
ENSG00000197579,0.00406555509855412,0.0038992277503481464,0.011243016759776535,0.005164860502651603,0.003750142050835259
ENSG00000197586,4.156343255667035,2.5125147161696573,3.941590072170625,1.5629830019938384,2.424075760270433
ENSG00000197601,5.0,5.0,5.0,5.0,5.0
ENSG00000197713,1.0,1.0,1.0,1.0,1.0
ENSG00000197746,2.8269092993265508,2.1239837398373984,2.3885057471264366,2.509785988659228,1.873015873015873
ENSG00000197858,5.0,5.0,5.0,5.0,5.0
ENSG00000197894,25.09132584169813,24.155661150322544,24.14161220043573,25.033053927799813,24.133066675333318
ENSG00000198060,0.0065175435821178875,0.011672363590327889,0.007448789571694601,0.009684113442471758,0.012008030607219973
ENSG00000198130,3.0,3.0,3.0,3.0,3.0
ENSG00000198162,16.952238805970147,10.823529411764703,12.929577464788737,14.88025210084033,9.668918918918918
ENSG00000198276,2.694214876033058,2.5734265734265733,2.319702602230483,1.875,1.7494866529774127
ENSG00000198363,0.8585313174946004,0.3739837398373983,0.872258064516129,0.844690966719493,0.5720823798627002
ENSG00000198373,0.0009333375518081443,0.0007849094822129383,0.0031191806331471138,0.0028130043809084623,0.0016099094662676615
ENSG00000198380,1.0,1.0,1.0,1.0,1.0
ENSG00000198408,0.2563513707478111,0.034212002243409985,0.1360239162929746,0.2068414322250639,0.14048140043763677
ENSG00000198431,5.615763546798029,4.242424242424242,5.395275590551181,4.829136690647482,4.297772567409144
ENSG00000198668,0.5208086891063555,0.12124890417425317,0.5892834002850849,0.33226297110021974,0.44510845506861446
ENSG00000198695,1.0,1.0,1.0,1.0,1.0
ENSG00000198712,2.0,2.0,2.0,2.0,2.0
ENSG00000198721,62.45471746442636,62.720116544243936,61.587597111039535,60.2355335884019,62.63297480529627
ENSG00000198727,1.0,1.0,1.0,1.0,1.0
ENSG00000198742,0.00039548201347802724,0.0007849094822129384,0.0025139664804469273,0.0014065021904542314,0.0010038259024963067
ENSG00000198763,1.0,1.0,1.0,1.0,1.0
ENSG00000198786,1.0,1.0,1.0,1.0,1.0
ENSG00000198804,2.0,2.0,2.0,2.0,2.0
ENSG00000198814,0.8323699421965318,1.4325581395348836,0.4305555555555556,1.5771144278606963,1.9209370424597363
ENSG00000198825,0.018253620008775777,0.05317769130998704,0.1132409318785019,0.03519619500594531,0.0818268315889629
ENSG00000198833,0.0018033979814598038,0.01245727307254083,0.019297020484171323,0.010998385981092927,0.007992726997234745
ENSG00000198840,1.0,1.0,1.0,1.0,1.0
ENSG00000198886,1.0,1.0,1.0,1.0,1.0
ENSG00000198888,1.0,1.0,1.0,1.0,1.0
ENSG00000198899,1.0,1.0,1.0,1.0,1.0
ENSG00000198919,0.009586484006707379,0.0007849094822129384,0.0015595903165735567,0.0007608946276227809,0.003996363498617372
ENSG00000198931,2.0,2.0,2.0,2.0,2.0
ENSG00000198938,2.0,2.0,2.0,2.0,2.0
ENSG00000198961,0.02537412598475022,0.01012786428661856,0.017760707635009313,0.018999308277611256,0.010757983256941552
ENSG00000198964,2.0,2.0,2.0,2.0,2.0
ENSG00000204227,0.001755940139842442,0.003114318268135208,0.003770949720670391,0.001775420797786491,0.003409220046213877
ENSG00000204228,3.71544537901012,5.569685004470756,1.7579818761546664,3.1955751079903716,4.940595868406803
ENSG00000204308,0.013920966874426555,0.04203063678946703,0.009939478584729981,0.03034355545307817,0.06089245804765333
ENSG00000204310,0.43197755960729317,0.6215538847117795,1.5971606033717836,1.2955465587044535,1.5302663438256658
ENSG00000204370,1.0,1.0,1.0,1.0,1.0
ENSG00000204371,0.038419141151367575,0.3325755464288622,0.19577196514196615,0.11151340138324344,0.3691584313179831
ENSG00000204386,39.666251875054755,39.1405081300813,39.55320688189788,39.36456344907049,39.382312096167524
ENSG00000204394,1.0,1.0,1.0,1.0,1.0
ENSG00000205060,1.4841269841269842,1.6630434782608696,1.4273504273504276,1.2392821535393819,1.426763110307414
ENSG00000205268,2.7837051406401554,1.0064935064935066,1.4347826086956523,3.555555555555556,2.0797413793103448
ENSG00000206527,17.6923076923077,5.691891891891889,8.906336088154273,7.109090909090905,8.079245283018865
ENSG00000211456,0.05546292233435718,0.053177691309987035,0.1887348864641698,0.13032104637336506,0.06787186806216301
ENSG00000212907,1.0,1.0,1.0,1.0,1.0
ENSG00000213339,0.5735294117647058,0.9236545682102629,0.6014319809069213,0.7756232686980609,0.9095074455899198
ENSG00000213614,20.382311182545084,38.84449023861169,26.585798395507663,23.331504582761866,29.45429973051985
ENSG00000213619,1.0,1.0,1.0,1.0,1.0
ENSG00000213722,1.0,1.0,1.0,1.0,1.0
ENSG00000213930,3.0,3.0,3.0,3.0,3.0
ENSG00000214013,2.693726937269373,3.4959349593495936,2.5,2.74496644295302,2.5523012552301254
ENSG00000214160,2.0,2.0,2.0,2.0,2.0
ENSG00000214530,0.12810248198558846,0.5236250968241672,0.22678571428571428,0.8421208530805687,0.3295583238958097
ENSG00000233276,0.8998037646317514,2.245124845969703,4.621100044959885,3.3219094234465967,2.7445422285901055
ENSG00000239900,0.2912810521188504,0.1930745015739769,0.2281124497991968,0.28228782287822884,0.4577319587628866
ENSG00000240344,0.012185929648241205,0.0023742799314961857,0.005983291939489725,0.0018242257175287823,0.0024220754880193763
ENSG00000240972,2.0,2.0,2.0,2.0,2.0
ENSG00000241837,1.0,1.0,1.0,1.0,1.0
ENSG00000241878,3.0,3.0,3.0,3.0,3.0
ENSG00000244038,0.25,0.25,0.25,0.25,0.25
ENSG00000265491,0.028917644825513348,0.004658817571844538,0.018156424581005588,0.00677887940973023,0.0074245236561991
ENSG00000267855,1.0,1.0,1.0,1.0,1.0
ENSG00000278540,2.0,2.0,2.0,2.0,2.0
